fall;geolocation;id;mass;name;nametype;recclass;reclat;reclong;year
Fell;50.775,6.08333;1;21.0;Aachen;Valid;L5;50.775;6.08333;1880
Fell;56.18333,10.23333;2;720.0;Aarhus;Valid;H6;56.18333;10.23333;1951
Fell;54.21667,-113.0;6;107000.0;Abee;Valid;EH4;54.21667;-113.0;1952
Fell;16.88333,-99.9;10;1914.0;Acapulco;Valid;Acapulcoite;16.88333;-99.9;1976
Fell;-33.16667,-64.95;370;780.0;Achiras;Valid;L6;-33.16667;-64.95;1902
Fell;32.1,71.8;379;4239.0;Adhi Kot;Valid;EH4;32.1;71.8;1919
Fell;44.83333,95.16667;390;910.0;Adzhi-Bogdo (stone);Valid;LL3-6;44.83333;95.16667;1949
Fell;44.21667,0.61667;392;30000.0;Agen;Valid;H5;44.21667;0.61667;1814
Fell;-31.6,-65.23333;398;1620.0;Aguada;Valid;L6;-31.6;-65.23333;1930
Fell;-30.86667,-64.55;417;1440.0;Aguila Blanca;Valid;L;-30.86667;-64.55;1920
Fell;16.39806,-9.57028;423;1000.0;Aioun el Atrouss;Valid;Diogenite-pm;16.39806;-9.57028;1974
Fell;19.08333,8.38333;424;24000.0;Aïr;Valid;L6;19.08333;8.38333;1925
Fell;50.66667,2.33333;425;;Aire-sur-la-Lys;Valid;Unknown;50.66667;2.33333;1769
Fell;29.51667,35.05;426;779.0;Akaba;Valid;L6;29.51667;35.05;1949
Fell;29.71667,77.95;427;1800.0;Akbarpur;Valid;H4;29.71667;77.95;1838
Fell;8.91667,8.43333;432;3000.0;Akwanga;Valid;H;8.91667;8.43333;1959
Fell;39.91667,42.81667;433;50000.0;Akyumak;Valid;Iron, IVA;39.91667;42.81667;1981
Fell;24.41667,39.51667;446;160.0;Al Rais;Valid;CR2-an;24.41667;39.51667;1957
Fell;13.66033,28.96;447;700.0;Al Zarnkh;Valid;LL5;13.66033;28.96;2001
Fell;44.11667,4.08333;448;6000.0;Alais;Valid;CI1;44.11667;4.08333;1806
Fell;44.65,11.01667;453;2000.0;Albareto;Valid;L/LL4;44.65;11.01667;1766
Fell;2.0,22.66667;454;625.0;Alberta;Valid;L;2.0;22.66667;1949
Fell;45.82133,6.01533;458;252.0;Alby sur Chéran;Valid;Eucrite-mmict;45.82133;6.01533;2002
Fell;51.78333,-1.78333;461;700.0;Aldsworth;Valid;LL5;51.78333;-1.78333;1835
Fell;36.23333,37.13333;462;3200.0;Aleppo;Valid;L6;36.23333;37.13333;1873
Fell;44.88333,8.75;463;908.0;Alessandria;Valid;H5;44.88333;8.75;1860
Fell;50.95,31.81667;465;9251.0;Alexandrovsky;Valid;H4;50.95;31.81667;1900
Fell;45.26667,10.15;466;228000.0;Alfianello;Valid;L6;45.26667;10.15;1883
Fell;42.53333,-85.88333;2276;32000.0;Allegan;Valid;H5;42.53333;-85.88333;1899
Fell;26.96667,-105.31667;2278;2000000.0;Allende;Valid;CV3;26.96667;-105.31667;1969
Fell;20.74575,32.41275;48915;3950.0;Almahata Sitta;Valid;Ureilite-an;20.74575;32.41275;2008
Fell;35.27333,44.21556;2284;6000.0;Alta'ameem;Valid;LL5;35.27333;44.21556;1977
Fell;27.66667,78.25;2290;6400.0;Ambapur Nagla;Valid;H5;27.66667;78.25;1895
Fell;26.58333,85.56667;2294;2700.0;Andhara;Valid;Stone-uncl;26.58333;85.56667;1880
Fell;44.61667,-70.75;2295;3200.0;Andover;Valid;L6;44.61667;-70.75;1898
Fell;48.7,37.5;2296;600.0;Andreevka;Valid;L3;48.7;37.5;1969
Fell;20.88333,76.86667;2298;17900.0;Andura;Valid;H6;20.88333;76.86667;1939
Found;0.0,0.0;50693;256.8;Northwest Africa 5815;Valid;L5;0.0;0.0;
Fell;47.46667,-0.55;2301;;Angers;Valid;L6;47.46667;-0.55;1822
Fell;-22.96667,-44.31667;2302;1500.0;Angra dos Reis (stone);Valid;Angrite;-22.96667;-44.31667;1869
Fell;9.53333,39.71667;2304;6500.0;Ankober;Valid;H4;9.53333;39.71667;1942
Fell;25.15,105.18333;2305;2500.0;Anlong;Valid;H5;25.15;105.18333;1971
Fell;40.81056,140.78556;2313;320.0;Aomori;Valid;L6;40.81056;140.78556;1984
Fell;53.58333,-2.71667;2318;15000.0;Appley Bridge;Valid;LL6;53.58333;-2.71667;1914
Fell;43.86667,5.38333;2320;3200.0;Apt;Valid;L6;43.86667;5.38333;1803
Fell;-33.0,-66.0;2325;810.0;Arbol Solo;Valid;H5;-33.0;-66.0;1954
Fell;38.5,-94.3;2329;5070.0;Archie;Valid;H6;38.5;-94.3;1932
Fell;-31.41667,-60.66667;2340;7450.0;Arroyo Aguiar;Valid;H5;-31.41667;-60.66667;1950
Fell;42.45,9.03333;2345;41.0;Asco;Valid;H6;42.45;9.03333;1805
Fell;31.805,-97.01;48954;9500.0;Ash Creek;Valid;L6;31.805;-97.01;2009
Fell;52.05,0.3;2346;1300.0;Ashdon;Valid;L6;52.05;0.3;1923
Fell;43.03333,12.55;2353;2000.0;Assisi;Valid;H5;43.03333;12.55;1886
Fell;25.25417,80.625;4883;1280.0;Atarra;Valid;L4;25.25417;80.625;1920
Fell;20.06667,-103.66667;4884;94.2;Atemajac;Valid;L6;20.06667;-103.66667;1896
Fell;34.75,-87.0;4885;265.0;Athens;Valid;LL6;34.75;-87.0;1933
Fell;34.31667,-96.15;4888;1384.2;Atoka;Valid;L6;34.31667;-96.15;1945
Fell;44.38333,5.16667;4893;800.0;Aubres;Valid;Aubrite;44.38333;5.16667;1836
Fell;36.16667,3.66667;4899;50000.0;Aumale;Valid;L6;36.16667;3.66667;1865
Fell;44.33333,3.23333;4900;2000.0;Aumieres;Valid;L6;44.33333;3.23333;1842
Fell;43.08333,0.58333;4903;50000.0;Ausson;Valid;L5;43.08333;0.58333;1858
Fell;-21.46028,-49.95083;4905;9330.0;Avanhandava;Valid;H4;-21.46028;-49.95083;1952
Fell;46.0,13.5;4906;1230.0;Avce;Valid;Iron, IIAB;46.0;13.5;1908
Fell;25.0,-103.5;4907;146.0;Avilez;Valid;H;25.0;-103.5;1855
Fell;2.71667,32.83333;4910;134.0;Awere;Valid;L4;2.71667;32.83333;1968
Fell;36.8,-108.0;4913;2830.0;Aztec;Valid;L6;36.8;-108.0;1938
Fell;48.6,38.0;4917;18000.0;Bachmut;Valid;L6;48.6;38.0;1814
Fell;28.48333,78.5;4922;10322.0;Bahjoi;Valid;Iron, IAB-sLL;28.48333;78.5;1934
Fell;35.96667,-82.48333;4925;3700.0;Bald Mountain;Valid;L4;35.96667;-82.48333;1929
Fell;34.5,-88.66667;4926;345.0;Baldwyn;Valid;L6;34.5;-88.66667;1922
Fell;5.38333,16.38333;4928;1000.0;Bali;Valid;CV3;5.38333;16.38333;1907
Fell;16.66667,101.18333;4934;16700.0;Ban Rong Du;Valid;Iron, ungrouped;16.66667;101.18333;1993
Fell;-6.91667,107.6;4935;11500.0;Bandong;Valid;LL6;-6.91667;107.6;1871
Fell;27.7,76.33333;4936;15000.0;Bansur;Valid;L6;27.7;76.33333;1892
Fell;30.4,78.2;4937;14.0;Banswal;Valid;L5;30.4;78.2;1913
Fell;-6.33333,106.0;4938;629.0;Banten;Valid;CM2;-6.33333;106.0;1933
Fell;43.95,-0.05;4942;6400.0;Barbotan;Valid;H5;43.95;-0.05;1790
Fell;41.36667,2.16667;4944;;Barcelona (stone);Valid;OC;41.36667;2.16667;1704
Fell;42.38333,-2.5;4946;3200.0;Barea;Valid;Mesosiderite-A1;42.38333;-2.5;1842
Fell;52.73333,84.08333;4947;23.2;Barnaul;Valid;H5;52.73333;84.08333;1904
Fell;52.0,9.1;4948;17.0;Barntrup;Valid;LL4;52.0;9.1;1886
Fell;31.61667,76.8;4949;4500.0;Baroti;Valid;L6;31.61667;76.8;1910
Fell;52.56528,-1.33972;4954;44000.0;Barwell;Valid;L5;52.56528;-1.33972;1965
Fell;15.78333,-5.9;44876;29560.0;Bassikounou;Valid;H5;15.78333;-5.9;2006
Fell;52.03333,20.93583;4957;15500.0;Baszkówka;Valid;L5;52.03333;20.93583;1994
Fell;45.41667,-98.31667;4974;21000.0;Bath;Valid;H4;45.41667;-98.31667;1892
Fell;38.25,-83.75;4975;86000.0;Bath Furnace;Valid;L6;38.25;-83.75;1902
Fell;40.66813,-117.18913;56133;2900.0;Battle Mountain;Valid;L6;40.66813;-117.18913;2012
Fell;11.08333,-0.18333;4976;1557.0;Bawku;Valid;LL5;11.08333;-0.18333;1989
Fell;36.75,-93.5;4977;611.0;Baxter;Valid;L6;36.75;-93.5;1916
Fell;39.8,-101.2;4984;16000.0;Beardsley;Valid;H5;39.8;-101.2;1929
Fell;51.16667,-117.33333;4986;14000.0;Beaver Creek;Valid;H5;51.16667;-117.33333;1893
Fell;53.01667,-4.1;4993;794.0;Beddgelert;Valid;H5;53.01667;-4.1;1949
Fell;33.6,-96.46667;5005;375.0;Bells;Valid;C2-ung;33.6;-96.46667;1961
Fell;-32.33333,-64.86667;5009;;Belville;Valid;OC;-32.33333;-64.86667;1937
Fell;25.36667,82.91667;5011;3700.0;Benares (a);Valid;LL4;25.36667;82.91667;1798
Fell;32.25,-8.15;30443;25000.0;Benguerir;Valid;LL6;32.25;-8.15;2004
Fell;32.86667,10.8;5018;19000.0;Beni M'hira;Valid;L6;32.86667;10.8;2001
Fell;39.08333,-89.15;5021;1770.5;Benld;Valid;H6;39.08333;-89.15;1938
Fell;-26.16667,28.41667;5023;3880.0;Benoni;Valid;H6;-26.16667;28.41667;1943
Fell;30.0,-7.0;5024;45000.0;Bensour;Valid;LL6;30.0;-7.0;2002
Fell;45.95,-67.55;5026;2840.0;Benton;Valid;LL6;45.95;-67.55;1949
Fell;-31.91,-58.32833;48975;270.0;Berduc;Valid;L6;-31.91;-58.32833;2008
Fell;11.65,-3.65;5028;18000.0;Béréba;Valid;Eucrite-mmict;11.65;-3.65;1924
Fell;41.68333,-3.8;5029;1440.0;Berlanguillas;Valid;L6;41.68333;-3.8;1811
Fell;40.30583,-105.02325;47355;960.0;Berthoud;Valid;Eucrite-mmict;40.30583;-105.02325;2004
Fell;42.53333,-73.83333;5032;13.9;Bethlehem;Valid;H;42.53333;-73.83333;1859
Fell;43.21667,-0.23333;5034;2000.0;Beuste;Valid;L5;43.21667;-0.23333;1859
Fell;33.88333,35.5;5035;1100.0;Beyrout;Valid;LL3.8;33.88333;35.5;1921
Fell;20.88333,74.83333;5037;18.0;Bhagur;Valid;L6;20.88333;74.83333;1877
Fell;26.50833,73.11528;36591;678.0;Bhawad;Valid;LL6;26.50833;73.11528;2002
Fell;20.83333,71.46667;5039;100.0;Bherai;Valid;L6;20.83333;71.46667;1893
Fell;22.68333,90.65;5040;1047.0;Bhola;Valid;LL3-6;22.68333;90.65;1940
Fell;22.08333,86.9;5041;2500.0;Bholghati;Valid;Howardite;22.08333;86.9;1905
Fell;53.1,23.2;5042;4000.0;Bialystok;Valid;Eucrite-pmict;53.1;23.2;1827
Fell;50.13333,27.16667;5043;1900.0;Bielokrynitschie;Valid;H4;50.13333;27.16667;1887
Fell;12.45,-0.08333;5045;25000.0;Bilanga;Valid;Diogenite;12.45;-0.08333;1999
Fell;-33.15639,115.67639;5051;488.1;Binningup;Valid;H5;-33.15639;115.67639;1984
Fell;13.76667,5.3;5056;560.0;Birni N'konni;Valid;H4;13.76667;5.3;1923
Fell;34.16667,-80.28333;5059;6000.0;Bishopville;Valid;Aubrite;34.16667;-80.28333;1843
Fell;25.38333,82.6;5060;1039.0;Bishunpur;Valid;LL3.15;25.38333;82.6;1895
Fell;49.78333,30.16667;5063;1850.0;Bjelaja Zerkov;Valid;H6;49.78333;30.16667;1796
Fell;60.4,25.8;5064;330000.0;Bjurböle;Valid;L/LL4;60.4;25.8;1899
Fell;40.91667,-78.08333;5065;705.0;Black Moshannan Park;Valid;L5;40.91667;-78.08333;1941
Fell;36.83333,-97.33333;5068;2381.0;Blackwell;Valid;L5;36.83333;-97.33333;1906
Fell;31.83333,-98.83333;5071;5100.0;Blanket;Valid;L6;31.83333;-98.83333;1909
Fell;49.36667,16.63333;5072;470.0;Blansko;Valid;H6;49.36667;16.63333;1833
Fell;40.48,-89.00417;5076;67.8;Bloomington;Valid;LL6;40.48;-89.00417;1938
Fell;33.83333,115.83333;5090;7500.0;Bo Xian;Valid;LL3.9;33.83333;115.83333;1977
Fell;23.0,-102.0;5093;56.0;Bocas;Valid;L6;23.0;-102.0;1804
Fell;12.5,0.7;5097;8800.0;Bogou;Valid;Iron, IAB-MG;12.5;0.7;1962
Fell;44.55,131.63333;5098;256000.0;Boguslavka;Valid;Iron, IIAB;44.55;131.63333;1916
Fell;44.86667,10.05;5110;1676.0;Borgo San Donino;Valid;LL6;44.86667;10.05;1808
Fell;21.95,78.03333;5111;8600.0;Bori;Valid;L6;21.95;78.03333;1894
Fell;54.23333,52.48333;5112;1342.0;Boriskino;Valid;CM2;54.23333;52.48333;1930
Fell;48.15,24.28333;5113;7000.0;Borkut;Valid;L5;48.15;24.28333;1852
Fell;55.46667,35.86667;5114;500.0;Borodino;Valid;H5;55.46667;35.86667;1812
Fell;51.33333,33.88333;5117;614.0;Botschetschki;Valid;L4;51.33333;33.88333;1823
Fell;17.71067,-11.3715;57168;190.0;Boumdeid (2003);Valid;L6;17.71067;-11.3715;2003
Fell;17.17493,-11.34133;57167;3599.0;Boumdeid (2011);Valid;L6;17.17493;-11.34133;2011
Fell;54.56667,-6.33333;5121;5460.0;Bovedy;Valid;L3;54.56667;-6.33333;1969
Fell;40.5,-80.08333;5128;762.0;Bradford Woods;Valid;L;40.5;-80.08333;1886
Fell;50.6,16.3;5133;39000.0;Braunau;Valid;Iron, IIAB;50.6;16.3;1847
Fell;50.66694,8.18361;5134;1500.0;Breitscheid;Valid;H5;50.66694;8.18361;1956
Fell;53.4,9.1;5135;7250.0;Bremervörde;Valid;H/L3.9;53.4;9.1;1855
Fell;52.13333,59.31667;5140;219.0;Brient;Valid;Eucrite-pmict;52.13333;59.31667;1933
Fell;53.9,-112.88333;5156;303000.0;Bruderheim;Valid;L6;53.9;-112.88333;1960
Fell;39.77978,64.60035;30448;5300.0;Bukhara;Valid;CV3;39.77978;64.60035;2001
Fell;nan,nan;5163;2250.0;Bulls Run;Valid;Iron?;;;1964
Fell;-31.35,129.19;48653;324.0;Bunburra Rockhole;Valid;Eucrite;-31.35;129.19;2007
Fell;10.01667,9.58333;5165;357.0;Bununu;Valid;Howardite;10.01667;9.58333;1942
Fell;5.0,48.0;5169;120000.0;Bur-Gheluai;Valid;H5;5.0;48.0;1919
Fell;37.62194,-82.23722;5175;1504.0;Burnwell;Valid;H4-an;37.62194;-82.23722;1990
Fell;40.2,29.23333;5177;25000.0;Bursa;Valid;L6;40.2;29.23333;1946
Fell;46.45,25.78333;5178;5000.0;Buschhof;Valid;L6;46.45;25.78333;1863
Fell;26.78333,82.83333;5181;1500.0;Bustee;Valid;Aubrite;26.78333;82.83333;1852
Fell;27.08333,84.08333;5183;29000.0;Butsura;Valid;H6;27.08333;84.08333;1861
Fell;52.996,-109.84817;48654;41000.0;Buzzard Coulee;Valid;H4;52.996;-109.84817;2008
Fell;37.98333,-1.16667;5185;25000.0;Cabezo de Mayo;Valid;L/LL6;37.98333;-1.16667;1870
Fell;35.5,-93.5;5186;48500.0;Cabin Creek;Valid;Iron, IIIAB;35.5;-93.5;1886
Fell;43.83889,20.33333;5187;212.0;Cacak;Valid;OC;43.83889;20.33333;1919
Fell;3.405,-76.51;45976;478.0;Cali;Valid;H/L4;3.405;-76.51;2007
Fell;11.75,122.33333;5200;2400.0;Calivo;Valid;Stone-uncl;11.75;122.33333;1916
Fell;-7.03333,-40.16667;5249;23680.0;Campos Sales;Valid;L5;-7.03333;-40.16667;1991
Fell;39.8,26.6;5250;4000.0;Çanakkale;Valid;L6;39.8;26.6;1964
Fell;41.25,1.66667;5251;945.0;Cañellas;Valid;H4;41.25;1.66667;1861
Fell;43.38333,-5.15;5252;34000.0;Cangas de Onis;Valid;H5;43.38333;-5.15;1866
Fell;38.47028,-105.24139;5253;1400.0;Canon City;Valid;H6;38.47028;-105.24139;1973
Fell;37.26667,-89.58333;5260;2300.0;Cape Girardeau;Valid;H6;37.26667;-89.58333;1846
Fell;-30.88333,-64.55;5264;750.0;Capilla del Monte;Valid;H6;-30.88333;-64.55;1934
Fell;-16.66444,-69.04389;45817;342.0;Carancas;Valid;H4-5;-16.66444;-69.04389;2007
Fell;38.5,27.0;5265;8.0;Caratash;Valid;LL6;38.5;27.0;1902
Fell;36.08333,-78.06667;5291;7300.0;Castalia;Valid;H5;36.08333;-78.06667;1874
Fell;43.35,11.5;5292;;Castel Berardenga;Valid;Stone-uncl;43.35;11.5;1791
Fell;44.38333,-68.75;5293;94.0;Castine;Valid;L6;44.38333;-68.75;1848
Fell;39.8,16.2;5295;15000.0;Castrovillari;Valid;Stone-uncl;39.8;16.2;1583
Fell;36.5,-79.25;5296;1360.0;Caswell County;Valid;OC;36.5;-79.25;1810
Fell;26.46667,-105.23333;5306;1025.0;Ceniceros;Valid;L3.7;26.46667;-105.23333;1988
Fell;43.2,-96.91667;5307;45.6;Centerville;Valid;H5;43.2;-96.91667;1956
Fell;45.08333,8.3;5308;6460.0;Cereseto;Valid;H5;45.08333;8.3;1840
Fell;28.53333,109.31667;5313;3700.0;Chadong;Valid;L6;28.53333;109.31667;1998
Fell;25.36667,81.66667;5314;0.5;Chail;Valid;H6;25.36667;81.66667;1814
Fell;25.85,83.48333;5315;8200.0;Chainpur;Valid;LL3.4;25.85;83.48333;1907
Fell;-30.78333,-58.05;5316;18300.0;Chajari;Valid;L5;-30.78333;-58.05;1933
Fell;20.26667,76.01667;5320;8800.0;Chandakapur;Valid;L5;20.26667;76.01667;1838
Fell;27.28333,79.05;5321;1100.0;Chandpur;Valid;L6;27.28333;79.05;1885
Fell;29.08333,111.75;5322;1810.0;Changde;Valid;H5;29.08333;111.75;1977
Fell;46.68333,1.05;5325;31500.0;Chantonnay;Valid;L6;46.68333;1.05;1812
Fell;36.16667,-87.33333;5328;4300.0;Charlotte;Valid;Iron, IVA;36.16667;-87.33333;1835
Fell;47.93333,1.56667;5329;27000.0;Charsonville;Valid;H6;47.93333;1.56667;1810
Fell;29.48333,75.5;5330;12000.0;Charwallas;Valid;H6;29.48333;75.5;1834
Fell;47.71667,5.36667;5331;4000.0;Chassigny;Valid;Martian (chassignite);47.71667;5.36667;1815
Fell;47.93333,2.91667;5332;30000.0;Château-Renard;Valid;L6;47.93333;2.91667;1841
Fell;41.93333,-7.46667;5334;2945.0;Chaves;Valid;Howardite;41.93333;-7.46667;1925
Fell;-3.66667,32.5;5338;2936.0;Chela;Valid;H4;-3.66667;32.5;1988
Fell;54.81667,61.11667;57165;100000.0;Chelyabinsk;Valid;LL5;54.81667;61.11667;2013
Fell;23.69639,-5.01472;47347;100000.0;Chergach ;Valid;H5;23.69639;-5.01472;2007
Fell;53.7,30.1;5339;6000.0;Chernyi Bor;Valid;H4;53.7;30.1;1964
Fell;35.03333,-81.88333;5340;8400.0;Cherokee Springs;Valid;LL6;35.03333;-81.88333;1933
Fell;46.55,6.81667;5341;705.0;Chervettaz;Valid;L5;46.55;6.81667;1901
Fell;50.83333,34.0;5342;1700.0;Chervony Kut;Valid;Eucrite-mmict;50.83333;34.0;1939
Fell;14.5,76.5;5344;72.0;Chetrinahatti;Valid;Stone-uncl;14.5;76.5;1880
Fell;17.9,101.63333;5345;367.0;Chiang Khan;Valid;H6;17.9;101.63333;1981
Fell;40.93333,-79.73333;5349;303.0;Chicora;Valid;LL6;40.93333;-79.73333;1938
Fell;-10.05944,33.395;5355;3920.0;Chisenga;Valid;Iron, IIIAB;-10.05944;33.395;1988
Fell;-17.35,13.96667;5356;;Chitado;Valid;L6;-17.35;13.96667;1966
Fell;47.47083,0.97667;5357;4000.0;Chitenay;Valid;L6;47.47083;0.97667;1978
Fell;-6.95,108.1;5364;1600.0;Cilimus;Valid;L5;-6.95;108.1;1979
Fell;32.1025,-81.87278;5374;1455.0;Claxton;Valid;L6;32.1025;-81.87278;1984
Fell;nan,nan;5383;48.6;Clohars;Valid;L4;;;1822
Fell;44.9,-90.28333;5395;104000.0;Colby (Wisconsin);Valid;L6;44.9;-90.28333;1917
Fell;-33.13333,19.38333;5397;5200.0;Cold Bokkeveld;Valid;CM2;-33.13333;19.38333;1838
Fell;43.76111,-84.50778;5401;469.0;Coleman;Valid;L6;43.76111;-84.50778;1994
Fell;42.53333,12.61667;5403;5000.0;Collescipoli;Valid;H5;42.53333;12.61667;1890
Fell;-19.85,-47.55;5418;20350.0;Conquista;Valid;H4;-19.85;-47.55;1965
Fell;21.16667,-100.86667;5451;1200.0;Cosina;Valid;H5;21.16667;-100.86667;1844
Fell;10.2,76.26667;5465;1460.0;Cranganore;Valid;L6;10.2;76.26667;1917
Fell;35.95,-97.58333;5470;78.4;Crescent;Valid;CM2;35.95;-97.58333;1936
Fell;-27.7,27.3;5474;3650.0;Cronstad;Valid;H5;-27.7;27.3;1877
Fell;35.63333,-78.13333;5476;167.0;Cross Roads;Valid;H5;35.63333;-78.13333;1892
Fell;54.61667,-6.21667;5477;4255.0;Crumlin;Valid;L5;54.61667;-6.21667;1902
Fell;36.83333,-84.35;5496;17000.0;Cumberland Falls;Valid;Aubrite;36.83333;-84.35;1919
Fell;38.4,-84.25;5500;6000.0;Cynthiana;Valid;L/LL4;38.4;-84.25;1877
Fell;35.61667,8.83333;5504;18000.0;Dahmani;Valid;LL6;35.61667;8.83333;1981
Fell;26.91667,83.96667;5511;5650.0;Dandapur;Valid;L6;26.91667;83.96667;1878
Fell;-28.2,24.56667;5513;1064.0;Daniel's Kuil;Valid;EL6;-28.2;24.56667;1868
Fell;34.4,-87.06667;5514;2000.0;Danville;Valid;L6;34.4;-87.06667;1868
Fell;49.86667,8.65;6603;100.0;Darmstadt;Valid;H5;49.86667;8.65;1804
Fell;41.98444,59.685;6604;7000.0;Dashoguz;Valid;H5;41.98444;59.685;1998
Fell;-1.87089,-79.95756;51559;6580.0;Daule;Valid;L5;-1.87089;-79.95756;2008
Fell;43.0,-80.0;6621;340.0;De Cewsville;Valid;H6;43.0;-80.0;1887
Fell;40.25,-74.0;6634;28.0;Deal;Valid;L6;40.25;-74.0;1829
Fell;28.56667,77.25;6642;0.8;Delhi;Valid;L5;28.56667;77.25;1897
Fell;51.46667,84.76667;6649;16400.0;Demina;Valid;L6;51.46667;84.76667;1911
Fell;39.7825,-104.93056;6660;230.0;Denver;Valid;L6;39.7825;-104.93056;1967
Fell;26.68333,93.86667;6664;12500.0;Dergaon;Valid;H5;26.68333;93.86667;2001
Fell;25.73333,73.61667;6693;25400.0;Desuri;Valid;H6;25.73333;73.61667;1962
Fell;19.0,81.0;6694;12000.0;Devgaon;Valid;H3.8;19.0;81.0;2001
Fell;24.225,76.525;6696;1140.0;Devri-Khera;Valid;L6;24.225;76.525;1994
Fell;22.37778,71.42722;6698;45000.0;Dhajala;Valid;H3.8;22.37778;71.42722;1976
Fell;14.88333,75.6;6699;1800.0;Dharwar;Valid;OC;14.88333;75.6;1848
Fell;32.23333,76.46667;7640;32000.0;Dhurmsala;Valid;LL6;32.23333;76.46667;1860
Fell;37.35172,27.32997;47350;3396.0;Didim;Valid;H3-5;37.35172;27.32997;2007
Fell;-33.75,18.56667;7642;1000.0;Diep River;Valid;L6;-33.75;18.56667;1906
Fell;-31.88333,-60.46667;7649;400.0;Distrito Quebracho;Valid;H4;-31.88333;-60.46667;1957
Fell;-7.5,111.5;7652;166000.0;Djati-Pengilon;Valid;H6;-7.5;111.5;1884
Fell;12.73333,15.05;7656;3950.0;Djermaia;Valid;H;12.73333;15.05;1961
Fell;36.95,9.55;7657;10000.0;Djoumine;Valid;H5-6;36.95;9.55;1999
Fell;23.5,90.33333;7658;3840.0;Dokachi;Valid;H5;23.5;90.33333;1903
Fell;50.75,25.3;7659;1600.0;Dolgovoli;Valid;L6;50.75;25.3;1864
Fell;40.0,29.0;7661;438.0;Domanitch;Valid;L5;40.0;29.0;1907
Fell;45.5,119.03333;7706;128800.0;Dong Ujimqin Qi;Valid;Mesosiderite;45.5;119.03333;1995
Fell;21.86667,82.45;7707;230.0;Donga Kohrod;Valid;H6;21.86667;82.45;1899
Fell;32.91667,120.78333;7708;5500.0;Dongtai;Valid;LL6;32.91667;120.78333;1970
Fell;51.2,112.3;7718;3891.0;Doroninsk;Valid;H5-7;51.2;112.3;1805
Fell;13.05,3.16667;7722;1250.0;Dosso;Valid;L6;13.05;3.16667;1962
Fell;32.33333,-6.3;7723;1161.0;Douar Mghila;Valid;LL6;32.33333;-6.3;1932
Fell;-13.66667,33.91667;7725;642.0;Dowa;Valid;Stone-uncl;-13.66667;33.91667;1976
Fell;36.4,-86.5;7728;5000.0;Drake Creek;Valid;L6;36.4;-86.5;1827
Fell;42.52,-82.26;7731;47700.0;Dresden (Ontario);Valid;H6;42.52;-82.26;1939
Fell;42.45833,18.44167;7736;1900.0;Dubrovnik;Valid;L3-6;42.45833;18.44167;1951
Fell;-31.66667,152.83333;7743;30.0;Dunbogan;Valid;L6;-31.66667;152.83333;1999
Fell;52.55,-8.03333;7745;2270.0;Dundrum;Valid;H5;52.55;-8.03333;1865
Fell;43.33333,128.25;7749;;Dunhua;Valid;Stone-uncl;43.33333;128.25;1976
Fell;30.3,76.63333;7750;13200.0;Durala;Valid;L6;30.3;76.63333;1815
Fell;-4.0,39.5;7752;577.0;Duruma;Valid;L6;-4.0;39.5;1853
Fell;33.43333,127.26667;7754;2117.0;Duwun;Valid;L6;33.43333;127.26667;1943
Fell;-27.2,31.31667;7755;3230.0;Dwaleni;Valid;H4-6;-27.2;31.31667;1970
Fell;26.25,82.0;7757;300.0;Dyalpur;Valid;Ureilite;26.25;82.0;1872
Fell;-3.0,151.0;7758;188.0;Dyarrl Island;Valid;Mesosiderite-A1;-3.0;151.0;1933
Fell;40.78167,-96.47167;7760;10000.0;Eagle;Valid;EL6;40.78167;-96.47167;1947
Fell;-17.3,15.83333;7774;2400.0;Ehole;Valid;H5;-17.3;15.83333;1961
Fell;48.9,11.21667;7775;3000.0;Eichstädt;Valid;H5;48.9;11.21667;1785
Fell;56.03333,13.0;7776;3336.0;Ekeby;Valid;H4;56.03333;13.0;1939
Fell;28.26667,78.78333;7777;840.0;Ekh Khera;Valid;H6;28.26667;78.78333;1916
Fell;34.41667,3.25;7807;10000.0;El Idrissia;Valid;L6;34.41667;3.25;1989
Fell;25.37,-97.37;45977;17226.0;El Paso de Aguila;Valid;H5;25.37;-97.37;1977
Fell;19.96722,-103.05167;7819;5000.0;El Tigre;Valid;L6;19.96722;-103.05167;1993
Fell;39.24667,-104.58817;7822;680.5;Elbert;Valid;LL6;39.24667;-104.58817;1998
Fell;50.18333,12.73333;7823;107000.0;Elbogen;Valid;Iron, IID;50.18333;12.73333;1400
Fell;47.83333,37.66667;7824;54640.0;Elenovka;Valid;L5;47.83333;37.66667;1951
Fell;51.75,4.0;10019;1470.0;Ellemeet;Valid;Diogenite;51.75;4.0;1925
Fell;-29.46667,151.61667;10033;127.0;Emmaville;Valid;Eucrite-mmict;-29.46667;151.61667;1900
Fell;30.3,109.5;10038;8000.0;Enshi;Valid;H5;30.3;109.5;1974
Fell;47.86667,7.35;10039;127000.0;Ensisheim;Valid;LL6;47.86667;7.35;1492
Fell;48.18333,6.46667;10041;277.0;Épinal;Valid;H5;48.18333;6.46667;1822
Fell;19.03333,81.89167;10042;113.0;Erakot;Valid;CM2;19.03333;81.89167;1940
Fell;40.3,44.5;10043;107.2;Erevan;Valid;Howardite;40.3;44.5;1911
Fell;1.16667,44.16667;10044;20000.0;Ergheo;Valid;L5;1.16667;44.16667;1889
Fell;52.21667,11.25;10049;2250.0;Erxleben;Valid;H6;52.21667;11.25;1812
Fell;46.25,-1.1;10051;1500.0;Esnandes;Valid;L6;46.25;-1.1;1837
Fell;2.88333,30.83333;10055;500.0;Essebi;Valid;C2-ung;2.88333;30.83333;1957
Fell;43.41667,-94.83333;10059;320000.0;Estherville;Valid;Mesosiderite-A3/4;43.41667;-94.83333;1879
Fell;39.75,-97.03333;10074;89400.0;Farmington;Valid;L5;39.75;-97.03333;1890
Fell;35.55,-77.53333;10075;56000.0;Farmville;Valid;H4;35.55;-77.53333;1934
Fell;44.38333,2.81667;10078;1500.0;Favars;Valid;H5;44.38333;2.81667;1844
Fell;36.05,-94.16667;10079;2360.0;Fayetteville;Valid;H4;36.05;-94.16667;1934
Fell;36.88333,8.45;10080;380.0;Feid Chair;Valid;H4;36.88333;8.45;1875
Fell;32.53333,-87.16667;10081;3200.0;Felix;Valid;CO3.3;32.53333;-87.16667;1900
Fell;34.6,116.75;10086;82.0;Fenghsien-Ku;Valid;H5;34.6;116.75;1924
Fell;36.1,-81.41667;10088;220.0;Ferguson;Valid;OC;36.1;-81.41667;1889
Fell;43.18111,13.75333;10091;10200.0;Fermo;Valid;H3-5;43.18111;13.75333;1996
Fell;47.81667,-96.85;10107;17600.0;Fisher;Valid;L6;47.81667;-96.85;1894
Fell;30.83333,-97.76667;10111;3640.0;Florence;Valid;H3;30.83333;-97.76667;1922
Fell;43.25,-93.66667;10119;152000.0;Forest City;Valid;H5;43.25;-93.66667;1890
Fell;-33.35,146.85833;10120;26000.0;Forest Vale;Valid;H4;-33.35;146.85833;1942
Fell;36.78333,-78.08333;10123;6067.0;Forksville;Valid;L6;36.78333;-78.08333;1924
Fell;50.95,7.31667;10163;240.0;Forsbach;Valid;H6;50.95;7.31667;1900
Fell;33.01667,-83.96667;10164;16300.0;Forsyth;Valid;L6;33.01667;-83.96667;1829
Fell;28.25,7.0;10166;;Fort Flatters;Valid;Stone-uncl;28.25;7.0;1944
Fell;34.48333,-87.83333;10177;650.0;Frankfort (stone);Valid;Howardite;34.48333;-87.83333;1868
Fell;31.47556,113.56694;52412;23000.0;Fuhe;Valid;L5;31.47556;113.56694;1945
Fell;33.18333,130.2;10836;11620.0;Fukutomi;Valid;L5;33.18333;130.2;1882
Fell;55.33333,10.33333;10838;;Fünen;Valid;Stone-uncl;55.33333;10.33333;1654
Fell;25.95,80.81667;10839;4000.0;Futtehpur;Valid;L6;25.95;80.81667;1822
Fell;32.9,115.9;10840;2500.0;Fuyang;Valid;Stone-uncl;32.9;115.9;1977
Fell;44.3,0.4;10846;132.7;Galapian;Valid;H6;44.3;0.4;1826
Fell;7.05,12.43333;10848;36.1;Galim (a);Valid;LL6;7.05;12.43333;1952
Fell;7.05,12.43333;10849;28.0;Galim (b);Valid;EH3/4-an;7.05;12.43333;1952
Fell;51.68333,30.78333;10850;5000.0;Galkiv;Valid;H4;51.68333;30.78333;1995
Fell;27.35,68.53333;10851;6400.0;Gambat;Valid;L6;27.35;68.53333;1897
Fell;11.65,-2.18333;10854;;Gao-Guenie;Valid;H5;11.65;-2.18333;1960
Fell;27.88333,68.53333;10860;380.0;Garhi Yasin;Valid;Iron, IIE;27.88333;68.53333;1917
Fell;41.68333,-112.13333;10861;102.0;Garland;Valid;Diogenite-pm;41.68333;-112.13333;1950
Fell;12.85,11.03333;44882;4162.0;Gashua;Valid;L6;12.85;11.03333;1984
Fell;14.15083,-2.04167;10866;;Gasseltepaoua;Valid;H5;14.15083;-2.04167;2000
Fell;12.91667,11.91667;10870;725.0;Geidam;Valid;H5;12.91667;11.91667;1950
Fell;35.53333,136.88333;10914;14290.0;Gifu;Valid;L6;35.53333;136.88333;1909
Fell;37.31667,13.56667;10917;18000.0;Girgenti;Valid;L6;37.31667;13.56667;1853
Fell;9.6,9.91667;10919;480.0;Git-Git;Valid;L6;9.6;9.91667;1947
Fell;52.2,6.86667;10923;670.0;Glanerbrug;Valid;L/LL5;52.2;6.86667;1990
Fell;-7.25,107.7;10924;1303.0;Glanggang;Valid;H5-6;-7.25;107.7;1939
Fell;57.35,37.61667;10926;152000.0;Glasatovo;Valid;H4;57.35;37.61667;1918
Fell;52.45972,-0.3;10930;767.0;Glatton;Valid;L6;52.45972;-0.3;1991
Fell;50.66667,16.76667;10936;1750.0;Gnadenfrei;Valid;H5;50.66667;16.76667;1879
Fell;24.23333,89.05;10948;1600.0;Gopalpur;Valid;H6;24.23333;89.05;1865
Fell;48.28333,38.08333;10949;3618.0;Gorlovka;Valid;H3.7;48.28333;38.08333;1974
Fell;42.9,2.25;10956;9000.0;Granes;Valid;L6;42.9;2.25;1964
Fell;60.66667,11.0;11196;45.5;Grefsheim;Valid;L5;60.66667;11.0;1976
Fell;43.2,-79.61667;50911;215.0;Grimsby;Valid;H5;43.2;-79.61667;2009
Fell;43.66667,45.38333;11206;3500.0;Grosnaja;Valid;CV3;43.66667;45.38333;1861
Fell;49.26667,18.71667;11207;10500.0;Gross-Divina;Valid;H5;49.26667;18.71667;1837
Fell;46.35,30.58333;11208;8000.0;Grossliebenthal;Valid;L6;46.35;30.58333;1881
Fell;51.93333,15.5;11426;1000.0;Grüneberg;Valid;H4;51.93333;15.5;1841
Fell;52.86667,16.63333;11429;690.0;Grzempach;Valid;H5;52.86667;16.63333;1910
Fell;-33.0,-58.61667;11432;22000.0;Gualeguaychú;Valid;H6;-33.0;-58.61667;1932
Fell;39.80417,122.76389;11435;2910.0;Guangmingshan;Valid;H5;39.80417;122.76389;1996
Fell;24.1,105.0;11436;;Guangnan;Valid;L6;24.1;105.0;1983
Fell;37.1,118.4;11437;1900.0;Guangrao;Valid;L6;37.1;118.4;1980
Fell;38.73333,-6.01667;11439;39000.0;Guareña;Valid;H6;38.73333;-6.01667;1892
Fell;43.76667,20.23333;11440;1915.0;Guêa;Valid;Stone-uncl;43.76667;20.23333;1891
Fell;13.5,-0.68333;11442;288.0;Guibga;Valid;L5;13.5;-0.68333;1972
Fell;9.91667,13.98333;11443;968.0;Guidder;Valid;LL5;9.91667;13.98333;1949
Fell;22.98333,76.05;11448;2449.0;Gujargaon;Valid;H5;22.98333;76.05;1982
Fell;11.49167,11.65833;11449;100000.0;Gujba;Valid;CBa;11.49167;11.65833;1984
Fell;42.9,24.7;11450;5700.0;Gumoschnik;Valid;H5;42.9;24.7;1904
Fell;13.78333,78.56667;11464;28.0;Gurram Konda;Valid;L6;13.78333;78.56667;1814
Fell;9.36667,42.41667;11465;34650.0;Gursum;Valid;H4/5;9.36667;42.41667;1981
Fell;51.91667,8.38333;11466;1000.0;Gütersloh;Valid;H3/4;51.91667;8.38333;1851
Fell;35.0,127.5;11467;1320.0;Gyokukei;Valid;OC;35.0;127.5;1930
Fell;35.65,139.33333;11468;0.2;Hachi-oji;Valid;H?;35.65;139.33333;1817
Fell;50.31667,3.73333;11472;9000.0;Hainaut;Valid;H3-6;50.31667;3.73333;1934
Fell;57.81667,16.23333;11479;1456.0;Hallingeberg;Valid;L3.4;57.81667;16.23333;1944
Fell;41.38333,-86.6;11485;3710.0;Hamlet;Valid;LL4;41.38333;-86.6;1959
Fell;26.8,82.53333;11824;1000.0;Haraiya;Valid;Eucrite-mmict;26.8;82.53333;1878
Fell;28.38333,75.78333;11829;315.0;Haripura;Valid;CM2;28.38333;75.78333;1921
Fell;32.675,-94.51167;11830;8360.0;Harleton;Valid;L6;32.675;-94.51167;1961
Fell;38.25,-86.16667;11842;680.0;Harrison County;Valid;L6;38.25;-86.16667;1859
Fell;35.2945,136.70033;11848;1110.6;Hashima;Valid;H4;35.2945;136.70033;1910
Fell;28.95,0.81667;11852;1250.0;Hassi-Jekna;Valid;Iron, IAB-sHL;28.95;0.81667;1890
Fell;51.65,-1.51667;11855;29000.0;Hatford;Valid;Stone-uncl;51.65;-1.51667;1628
Fell;60.24556,22.06194;11859;1544.0;Haverö;Valid;Ureilite;60.24556;22.06194;1971
Fell;55.46667,13.78333;11869;3500.0;Hedeskoga;Valid;H5;55.46667;13.78333;1922
Fell;27.33333,35.66667;11870;6100.0;Hedjaz;Valid;L3.7-6;27.33333;35.66667;1910
Fell;10.0,-84.1;11875;1000.0;Heredia;Valid;H5;10.0;-84.1;1857
Fell;59.85,17.66667;11878;20000.0;Hessle;Valid;H5;59.85;17.66667;1869
Fell;33.6,130.43333;11883;750.0;Higashi-koen;Valid;H5;33.6;130.43333;1897
Fell;55.9,-4.23333;11884;4500.0;High Possil;Valid;L6;55.9;-4.23333;1804
Fell;34.45,132.38333;11889;414.0;Hiroshima;Valid;H5;34.45;132.38333;2003
Fell;1.345,31.47278;44714;167.7;Hoima;Valid;H6;1.345;31.47278;2003
Fell;64.43333,21.2;11893;305.5;Hökmark;Valid;L4;64.43333;21.2;1954
Fell;34.9,-110.18333;11894;220000.0;Holbrook;Valid;L/LL6;34.9;-110.18333;1912
Fell;9.06667,38.41667;11895;1415.0;Holetta;Valid;Stone-uncl;9.06667;38.41667;1923
Fell;41.8,-91.86667;11901;230000.0;Homestead;Valid;L5;41.8;-91.86667;1875
Fell;21.3,-157.86667;11904;2420.0;Honolulu;Valid;L5;21.3;-157.86667;1825
Fell;35.66667,115.5;11913;180.0;Hotse;Valid;L6;35.66667;115.5;1956
Fell;39.35,-100.45;11915;266.1;Hoxie;Valid;OC;39.35;-100.45;1963
Fell;46.1,16.33333;11916;49000.0;Hraschina;Valid;Iron, IID;46.1;16.33333;1751
Fell;26.46469,106.63241;54719;1600.0;Huaxi;Valid;H5;26.46469;106.63241;2010
Fell;50.3,8.91667;11986;112.0;Hungen;Valid;H6;50.3;8.91667;1877
Fell;61.18333,22.68333;11989;14000.0;Hvittis;Valid;EL6;61.18333;22.68333;1901
Fell;52.28333,7.7;11992;2000.0;Ibbenbüren;Valid;Diogenite;52.28333;7.7;1870
Fell;-20.0,-45.0;11993;2500.0;Ibitira;Valid;Eucrite-mmict;-20.0;-45.0;1957
Fell;38.0,35.0;11994;;Ibrisim;Valid;OC;38.0;35.0;1949
Fell;58.2,82.93333;11995;3973.0;Ichkala;Valid;H6;58.2;82.93333;1936
Fell;-32.1,28.33333;12000;3457.0;Idutywa;Valid;H5;-32.1;28.33333;1956
Fell;-23.2,-51.83333;12003;1200.0;Iguaracu;Valid;H5;-23.2;-51.83333;1977
Fell;-6.03333,145.36667;12004;7330.0;Ijopega;Valid;H6;-6.03333;145.36667;1975
Fell;39.75,46.66667;12027;27000.0;Indarch;Valid;EH4;39.75;46.66667;1891
Fell;39.08333,-94.4;12028;880.0;Independence;Valid;L6;39.08333;-94.4;1917
Fell;41.0,112.0;12037;3000.0;Inner Mongolia;Valid;L6;41.0;112.0;1963
Fell;53.415,-111.3375;12039;4576.0;Innisfree;Valid;L5;53.415;-111.3375;1977
Fell;-25.5,-54.5;12043;7000.0;Ipiranga;Valid;H6;-25.5;-54.5;1972
Fell;-8.93333,33.8;12049;1300.0;Ishinga;Valid;H;-8.93333;33.8;1954
Fell;-31.18333,-57.95;12053;3050.0;Isthilart;Valid;H5;-31.18333;-57.95;1928
Fell;-3.4,-44.33333;12056;2024.0;Itapicuru-Mirim;Valid;H5;-3.4;-44.33333;1879
Fell;26.59083,-12.95217;12058;4720.0;Itqiy;Valid;EH7-an;26.59083;-12.95217;1990
Fell;-8.41667,32.43333;12063;704.5;Ivuna;Valid;CI1;-8.41667;32.43333;1938
Fell;-32.5,21.9;12065;48000.0;Jackalsfontein;Valid;L6;-32.5;21.9;1903
Fell;26.75,68.41667;12067;973.0;Jajh deh Kot Lalu;Valid;EL6;26.75;68.41667;1926
Fell;nan,nan;12068;700.0;Jalanash;Valid;Ureilite;;;1990
Fell;31.0,75.0;12069;1967.0;Jalandhar;Valid;Iron;31.0;75.0;1621
Fell;18.75,75.33333;12072;22.0;Jamkheir;Valid;H6;18.75;75.33333;1866
Fell;39.7,105.8;12074;20500.0;Jartai;Valid;L6;39.7;105.8;1979
Fell;43.83333,20.44167;12078;34000.0;Jelica;Valid;LL6;43.83333;20.44167;1889
Fell;nan,nan;12079;450.0;Jemlapur;Valid;L6;;;1901
Fell;46.42137,14.05217;51589;3667.0;Jesenice;Valid;L6;46.42137;14.05217;2009
Fell;31.3,72.38333;12085;5900.0;Jhung;Valid;L5;31.3;72.38333;1873
Fell;31.91667,104.91667;12086;222.0;Jiange;Valid;H5;31.91667;104.91667;1964
Fell;30.80833,109.5;12087;600000.0;Jianshi;Valid;Iron, IIIAB;30.80833;109.5;1890
Fell;44.05,126.16667;12171;4000000.0;Jilin;Valid;H5;44.05;126.16667;1976
Fell;22.68,70.31333;47362;100.0;Jodiya;Valid;L5;22.68;70.31333;2006
Fell;55.7,24.4;12173;30.0;Jodzie;Valid;Howardite;55.7;24.4;1877
Fell;40.35,-104.9;12198;40300.0;Johnstown;Valid;Diogenite;40.35;-104.9;1924
Fell;-11.85,15.83333;12199;483.0;Jolomba;Valid;LL6;-11.85;15.83333;1974
Fell;45.43333,-0.45;12202;5000.0;Jonzac;Valid;Eucrite-mmict;45.43333;-0.45;1819
Fell;35.5,115.41667;12203;100000.0;Juancheng;Valid;H5;35.5;115.41667;1997
Fell;12.85,76.8;12207;680.0;Judesegeri;Valid;H6;12.85;76.8;1876
Fell;-7.71667,111.2;12209;32490.0;Jumapalo;Valid;L6;-7.71667;111.2;1984
Fell;35.2,118.8;12210;950.0;Junan;Valid;L6;35.2;118.8;1976
Fell;38.74028,-7.27;12213;25250.0;Juromenha;Valid;Iron, IIIAB;38.74028;-7.27;1968
Fell;44.71667,4.3;12214;91000.0;Juvinas;Valid;Eucrite-mmict;44.71667;4.3;1821
Fell;47.35,21.3;12218;3000.0;Kaba;Valid;CV3;47.35;21.3;1857
Fell;11.85,8.21667;12220;13400.0;Kabo;Valid;H4;11.85;8.21667;1971
Fell;27.08333,78.33333;12221;89.0;Kadonah;Valid;H6;27.08333;78.33333;1822
Fell;27.25,79.96667;12222;230.0;Kaee;Valid;H5;27.25;79.96667;1838
Fell;49.86667,30.83333;12227;1900.0;Kagarlyk;Valid;L6;49.86667;30.83333;1908
Fell;15.0,48.3;12228;2000.0;Kaidun;Valid;CR2;15.0;48.3;1980
Fell;55.43333,53.25;12229;200000.0;Kainsaz;Valid;CO3.2;55.43333;53.25;1937
Fell;12.38333,78.51667;12230;350.0;Kakangari;Valid;K3;12.38333;78.51667;1890
Fell;45.13333,21.66667;12231;577.0;Kakowa;Valid;L6;45.13333;21.66667;1858
Fell;-6.83333,29.5;12232;950.0;Kalaba;Valid;H4;-6.83333;29.5;1951
Fell;17.83333,73.98333;12236;4500.0;Kalumbi;Valid;L6;17.83333;73.98333;1879
Fell;26.03333,81.46667;12238;2770.0;Kamalpur;Valid;L6;26.03333;81.46667;1942
Fell;36.04167,139.95667;12240;448.0;Kamiomi;Valid;H5;36.04167;139.95667;1913
Fell;14.18333,75.8;12241;1293.0;Kamsagar;Valid;L6;14.18333;75.8;1902
Fell;31.6,65.78333;12243;299.0;Kandahar (Afghanistan);Valid;L6;31.6;65.78333;1959
Fell;-7.0,115.5;12245;1630.0;Kangean;Valid;H5;-7.0;115.5;1908
Fell;32.08333,76.3;12246;400.0;Kangra Valley;Valid;H5;32.08333;76.3;1897
Fell;4.7,33.63333;12251;11355.0;Kapoeta;Valid;Howardite;4.7;33.63333;1942
Fell;20.33916,73.22329;47357;1600.0;Kaprada;Valid;L5/6;20.33916;73.22329;2004
Fell;42.45,73.36667;12253;3500.0;Kaptal-Aryk;Valid;L6;42.45;73.36667;1937
Fell;47.21667,81.01667;12256;3000.0;Karakol;Valid;LL6;47.21667;81.01667;1840
Fell;-3.5,35.58333;12258;2220.0;Karatu;Valid;LL6;-3.5;35.58333;1963
Fell;12.9,7.15;12260;180.0;Karewar;Valid;L6;12.9;7.15;1949
Fell;27.8,67.16667;12262;22000.0;Karkh;Valid;L6;27.8;67.16667;1905
Fell;31.58333,71.6;12263;2950.0;Karloowala;Valid;L6;31.58333;71.6;1955
Fell;-35.08333,139.91667;12264;41730.0;Karoonda;Valid;CK4;-35.08333;139.91667;1930
Fell;35.36667,136.76667;12266;710.0;Kasamatsu;Valid;H;35.36667;136.76667;1938
Fell;29.58333,77.58333;30740;16820.0;Kasauli;Valid;H4;29.58333;77.58333;2003
Fell;11.33333,10.08333;35465;1500.0;Katagum;Valid;L6;11.33333;10.08333;1999
Fell;25.14333,75.81333;47351;6800.0;Kavarpura;Valid;Iron, IIE-an;25.14333;75.81333;2006
Fell;39.26333,31.78;12268;85000.0;Kayakent;Valid;Iron, IIIAB;39.26333;31.78;1961
Fell;-7.75,112.01667;12270;3300.0;Kediri;Valid;L4;-7.75;112.01667;1940
Fell;36.54194,29.41822;53654;5760.0;Kemer;Valid;L4;36.54194;29.41822;2008
Fell;29.45,-96.0;12275;6937.0;Kendleton;Valid;L4;29.45;-96.0;1939
Fell;20.4625,86.70278;12276;6669.2;Kendrapara;Valid;H4-5;20.4625;86.70278;2003
Fell;48.4,-3.3;12282;5000.0;Kerilis;Valid;H5;48.4;-3.3;1874
Fell;48.11667,-3.08333;12284;80000.0;Kernouve;Valid;H6;48.11667;-3.08333;1869
Fell;38.98333,141.61667;12286;135000.0;Kesen;Valid;H4;38.98333;141.61667;1850
Fell;29.53333,72.3;12288;13600.0;Khairpur;Valid;EL6;29.53333;72.3;1873
Fell;25.55,83.11667;12289;3698.0;Khanpur;Valid;LL5;25.55;83.11667;1932
Fell;50.625,35.075;12291;1500.0;Kharkov;Valid;L6;50.625;35.075;1787
Fell;26.95,77.88333;12294;450.0;Kheragur;Valid;L6;26.95;77.88333;1860
Fell;28.01667,75.81667;12296;100.0;Khetri;Valid;H6;28.01667;75.81667;1867
Fell;56.75,75.33333;12297;6109.0;Khmelevka;Valid;L5;56.75;75.33333;1929
Fell;25.1,81.53333;12298;9700.0;Khohar;Valid;L3.6;25.1;81.53333;1910
Fell;16.0,36.0;12299;3200.0;Khor Temiki;Valid;Aubrite;16.0;36.0;1932
Fell;14.0,28.0;12300;100000.0;Kidairat;Valid;H6;14.0;28.0;1983
Fell;54.4,10.15;12301;737.6;Kiel;Valid;L6;54.4;10.15;1962
Fell;16.58333,-11.33333;12303;1500.0;Kiffa;Valid;H5;16.58333;-11.33333;1970
Fell;36.85,138.38333;12305;331.0;Kijima (1906);Valid;Stone-uncl;36.85;138.38333;1906
Fell;55.0,34.0;12306;195.0;Kikino;Valid;H6;55.0;34.0;1809
Fell;12.76667,9.8;12307;19000.0;Kilabo;Valid;LL6;12.76667;9.8;2002
Fell;43.58333,-89.6;12308;772.0;Kilbourn;Valid;H5;43.58333;-89.6;1911
Fell;54.66667,-7.66667;12309;140.0;Killeter;Valid;H6;54.66667;-7.66667;1844
Fell;11.63333,24.68333;12316;67.4;Kingai;Valid;H6;11.63333;24.68333;1967
Fell;30.75,-95.95;12321;97.7;Kirbyville;Valid;Eucrite-mmict;30.75;-95.95;1906
Fell;48.16667,22.30833;12325;1550.0;Kisvarsány;Valid;L6;48.16667;22.30833;1914
Fell;43.38333,-80.38333;12326;202.6;Kitchener;Valid;L6;43.38333;-80.38333;1998
Fell;51.6,10.8;12332;3250.0;Klein-Wenden;Valid;H6;51.6;10.8;1843
Fell;48.9,22.4;12335;500000.0;Knyahinya;Valid;L/LL5;48.9;22.4;1866
Fell;34.73333,135.16667;12336;136.0;Kobe;Valid;CK4;34.73333;135.16667;1999
Fell;34.3,133.95;12342;11510.0;Kokubunji;Valid;L6;34.3;133.95;1986
Fell;35.73333,139.75;12343;238.0;Komagome;Valid;Iron;35.73333;139.75;1926
Fell;42.51667,26.16667;12344;90.0;Konovo;Valid;LL5;42.51667;26.16667;1931
Fell;48.76367,21.17633;53810;4300.0;Košice;Valid;H5;48.76367;21.17633;2010
Fell;49.32694,7.46472;12353;16500.0;Krähenberg;Valid;LL5;49.32694;7.46472;1869
Fell;54.03333,40.9;12355;2440.0;Krasnoi-Ugol;Valid;L6;54.03333;40.9;1829
Fell;54.33333,56.08333;12357;4000.0;Krasnyi Klyuch;Valid;H5;54.33333;56.08333;1946
Fell;56.8,77.0;12363;845.2;Krutikha;Valid;OC;56.8;77.0;1906
Fell;47.83333,30.76667;12364;50000.0;Krymka;Valid;LL3.2;47.83333;30.76667;1946
Fell;51.15,31.7;12368;2250.0;Kukschin;Valid;L6;51.15;31.7;1938
Fell;30.73111,66.80222;12369;453.6;Kulak;Valid;L5;30.73111;66.80222;1961
Fell;50.75,33.5;12370;6000.0;Kuleschovka;Valid;L6;50.75;33.5;1811
Fell;41.11667,45.0;12373;3719.0;Kulp;Valid;H6;41.11667;45.0;1906
Fell;55.78333,61.36667;12377;200000.0;Kunashak;Valid;L6;55.78333;61.36667;1949
Fell;42.25,59.2;12379;1100000.0;Kunya-Urgench;Valid;H5;42.25;59.2;1998
Fell;37.05,138.38333;12381;4460.0;Kushiike;Valid;OC;37.05;138.38333;1920
Fell;29.68333,78.38333;12382;5.0;Kusiali;Valid;L6;29.68333;78.38333;1860
Fell;44.51667,39.3;12383;23.0;Kutais;Valid;H5;44.51667;39.3;1977
Fell;10.83333,76.03333;12384;45000.0;Kuttippuram;Valid;L6;10.83333;76.03333;1914
Fell;55.2,75.33333;12385;4047.0;Kuznetzovo;Valid;L6;55.2;75.33333;1932
Fell;32.03333,130.63333;12390;45000.0;Kyushu;Valid;L6;32.03333;130.63333;1886
Fell;47.08333,1.75;12392;2800.0;La Bécasse;Valid;L6;47.08333;1.75;1879
Fell;20.66667,-101.28333;12394;399.0;La Charca;Valid;OC;20.66667;-101.28333;1878
Fell;-37.33333,-61.53333;12395;2000.0;La Colina;Valid;H5;-37.33333;-61.53333;1924
Fell;-31.23333,-58.16667;12396;45000.0;La Criolla;Valid;L6;-31.23333;-58.16667;1985
Fell;44.28333,5.58333;12408;3833.0;Laborel;Valid;H5;44.28333;5.58333;1871
Fell;26.78333,82.71667;12433;900.0;Lahrauli;Valid;Ureilite;26.78333;82.71667;1955
Fell;48.76667,0.63333;12434;37000.0;L'Aigle;Valid;L6;48.76667;0.63333;1803
Found;nan,nan;32531;9.6;Cumulus Hills 04075;Valid;Pallasite;;;2003
Fell;21.86667,76.03333;12435;212.5;Lakangaon;Valid;Eucrite-mmict;21.86667;76.03333;1910
Fell;24.45,78.56667;12451;372.0;Lalitpur;Valid;L6;24.45;78.56667;1887
Fell;47.7,1.06667;12455;51700.0;Lancé;Valid;CO3.5;47.7;1.06667;1872
Fell;43.75,5.11667;12456;7000.0;Lancon;Valid;H6;43.75;5.11667;1897
Fell;58.85,16.73333;12461;2300.0;Långhalsen;Valid;L6;58.85;16.73333;1947
Fell;46.24167,126.19611;12464;1282.0;Lanxi;Valid;L6;46.24167;126.19611;1986
Fell;47.75,16.23333;12465;7000.0;Lanzenkirchen;Valid;L4;47.75;16.23333;1925
Fell;33.13333,115.16667;12466;14250.0;Laochenzhen;Valid;H5;33.13333;115.16667;1987
Fell;51.9,-1.11667;12740;1060.0;Launton;Valid;L6;51.9;-1.11667;1830
Fell;52.45,51.56667;12743;800.0;Lavrentievka;Valid;L6;52.45;51.56667;1938
Fell;47.16667,0.43333;12748;3000.0;Le Pressoir;Valid;H5;47.16667;0.43333;1845
Fell;48.53333,-0.86667;12749;780.0;Le Teilleul;Valid;Howardite;48.53333;-0.86667;1845
Fell;35.88333,-99.33333;12755;51500.0;Leedey;Valid;L6;35.88333;-99.33333;1943
Fell;-25.66667,28.36667;12756;460.0;Leeuwfontein;Valid;L6;-25.66667;28.36667;1912
Fell;52.66667,-6.96667;12759;271.4;Leighlinbridge;Valid;L6;52.66667;-6.96667;1999
Fell;34.58333,-87.5;12760;877.0;Leighton;Valid;H5;34.58333;-87.5;1907
Fell;52.26667,32.85;12765;700.0;Leonovka;Valid;L6;52.26667;32.85;1900
Fell;48.35,3.25;12769;125.0;Les Ormes;Valid;L6;48.35;3.25;1857
Fell;50.36667,4.73333;12772;2000.0;Lesves;Valid;L6;50.36667;4.73333;1896
Fell;-26.15,26.18333;14646;4000.0;Lichtenberg;Valid;H6;-26.15;26.18333;1973
Fell;56.65,15.86667;14650;6862.0;Lillaverke;Valid;H5;56.65;15.86667;1930
Fell;52.56667,-8.78333;14652;50000.0;Limerick;Valid;H5;52.56667;-8.78333;1813
Fell;52.75,12.9;14655;1862.0;Linum;Valid;L6;52.75;12.9;1854
Fell;31.63333,118.98333;14659;498.0;Lishui;Valid;L5;31.63333;118.98333;1978
Fell;50.2,14.85;14661;12800.0;Lissa;Valid;L6;50.2;14.85;1808
Fell;37.91667,-92.08333;14664;491.0;Little Piney;Valid;L5;37.91667;-92.08333;1839
Fell;56.0,26.43333;14670;5213.0;Lixna;Valid;H4;56.0;26.43333;1820
Fell;29.53333,71.8;14675;1000.0;Lodran;Valid;Lodranite;29.53333;71.8;1868
Fell;26.96556,72.62667;14678;40000.0;Lohawat;Valid;Howardite;26.96556;72.62667;1994
Fell;38.70066,-77.21163;52843;329.7;Lorton;Valid;L6;38.70066;-77.21163;2010
Fell;38.0,-0.83333;14708;25.0;Los Martinez;Valid;L6;38.0;-0.83333;1894
Fell;36.00833,-95.15;14711;17000.0;Lost City;Valid;H5;36.00833;-95.15;1970
Fell;38.25,-85.75;14716;1300.0;Louisville;Valid;L6;38.25;-85.75;1977
Fell;52.0,19.91667;14718;59000.0;Łowicz;Valid;Mesosiderite-A3;52.0;19.91667;1935
Fell;24.95,75.15;14721;9241.0;Lua;Valid;L5;24.95;75.15;1926
Fell;47.85,0.48333;14724;3500.0;Lucé;Valid;L6;47.85;0.48333;1768
Fell;32.03333,-84.76667;14753;340.0;Lumpkin;Valid;L6;32.03333;-84.76667;1869
Fell;24.8,103.3;14754;2520.0;Lunan;Valid;H6;24.8;103.3;1980
Fell;56.21667,13.03333;14755;11000.0;Lundsgård;Valid;L6;56.21667;13.03333;1889
Fell;61.2,27.7;14756;885.0;Luotolax;Valid;Howardite;61.2;27.7;1813
Fell;46.21667,5.0;14757;14000.0;Luponnas;Valid;H3-5;46.21667;5.0;1753
Fell;-7.21667,29.43333;14759;;Lusaka;Valid;Unknown;-7.21667;29.43333;1951
Fell;19.0,97.0;14764;540.0;Mabwe-Khoywa;Valid;L5;19.0;97.0;1937
Fell;-5.2,-36.66667;15370;1500.0;Macau;Valid;H5;-5.2;-36.66667;1836
Fell;-15.21222,35.24222;15371;93200.0;Machinga;Valid;L6;-15.21222;35.24222;1981
Fell;-28.83333,31.95;15372;1995.0;Macibini;Valid;Eucrite-pmict;-28.83333;31.95;1936
Fell;25.91667,86.36667;15379;1000.0;Madhipura;Valid;L;25.91667;86.36667;1950
Fell;-7.75,111.53333;15380;400.0;Madiun;Valid;L6;-7.75;111.53333;1935
Fell;40.41667,-3.71667;15382;400.0;Madrid;Valid;L6;40.41667;-3.71667;1896
Fell;-26.16667,-49.93333;15383;600.0;Mafra;Valid;L3-4;-26.16667;-49.93333;1941
Fell;37.86667,27.51667;15386;5000.0;Magnesia;Valid;Iron, IAB-sHL;37.86667;27.51667;1899
Fell;-19.48333,31.65;15387;666.6;Magombedze;Valid;H3-5;-19.48333;31.65;1990
Fell;27.66667,95.78333;47361;70500.0;Mahadevpur;Valid;H4/5;27.66667;95.78333;2007
Fell;12.83333,9.38333;30751;4629.0;Maigatari-Danduma;Valid;H5/6;12.83333;9.38333;2004
Fell;32.21667,-104.0;15393;150.0;Malaga;Valid;OC;32.21667;-104.0;1933
Fell;9.5,31.75;15394;2000.0;Malakal;Valid;L5;9.5;31.75;1970
Fell;-3.13333,33.51667;15395;470.0;Malampaka;Valid;H;-3.13333;33.51667;1930
Fell;-28.93333,-63.23333;15397;;Malotas;Valid;H5;-28.93333;-63.23333;1931
Fell;-29.45,26.76667;15400;807.0;Malvern;Valid;Eucrite-pmict;-29.45;26.76667;1933
Fell;45.21667,62.08333;15401;1000.0;Mamra Springs;Valid;L6;45.21667;62.08333;1927
Fell;23.05,86.7;15402;1700.0;Manbhoom;Valid;LL6;23.05;86.7;1863
Fell;20.96667,76.1;15403;50.0;Manegaon;Valid;Diogenite;20.96667;76.1;1843
Fell;-17.65,31.6;15405;22300.0;Mangwendi;Valid;LL6;-17.65;31.6;1934
Fell;45.81667,44.63333;15409;3555.0;Manych;Valid;LL3.4;45.81667;44.63333;1951
Fell;34.23333,72.08333;15414;4500.0;Mardan;Valid;H5;34.23333;72.08333;1948
Fell;nan,nan;15418;114.0;Maria Linden;Valid;L4;;;1925
Fell;42.71667,-99.38333;15419;340.0;Mariaville;Valid;Iron;42.71667;-99.38333;1898
Fell;54.76183,11.46745;48973;25.81;Maribo;Valid;CM2;54.76183;11.46745;2009
Fell;4.66667,29.25;15421;3200.0;Maridi;Valid;H6;4.66667;29.25;1941
Fell;-22.25,-49.93333;15422;2500.0;Marilia;Valid;H4;-22.25;-49.93333;1971
Fell;41.9,-91.6;15424;28400.0;Marion (Iowa);Valid;L6;41.9;-91.6;1847
Fell;61.5,30.5;15426;45000.0;Marjalahti;Valid;Pallasite, PMG;61.5;30.5;1902
Fell;44.5,0.15;15429;3000.0;Marmande;Valid;L5;44.5;0.15;1848
Fell;-14.2,48.1;15430;6000.0;Maromandia;Valid;L6;-14.2;48.1;2002
Fell;35.8,-84.1;15436;1443.0;Maryville;Valid;L6;35.8;-84.1;1983
Fell;45.36667,1.86667;15438;1000.0;Mascombes;Valid;L6;45.36667;1.86667;1836
Fell;0.0,0.0;53653;24.54;Mason Gully;Valid;H5;0.0;0.0;2010
Fell;48.13333,12.61667;15443;1600.0;Mässing;Valid;Howardite;48.13333;12.61667;1803
Fell;48.18333,13.13333;15446;19000.0;Mauerkirchen;Valid;L6;48.18333;13.13333;1768
Fell;-20.0,57.0;15447;220.0;Mauritius;Valid;L6;-20.0;57.0;1801
Fell;8.96667,12.08333;15451;4850.0;Mayo Belwa;Valid;Aubrite;8.96667;12.08333;1974
Fell;24.68333,-101.68333;15453;4000.0;Mazapil;Valid;Iron, IAB-sLL;24.68333;-101.68333;1885
Fell;-1.21667,30.0;15454;4975.0;Maziba;Valid;L6;-1.21667;30.0;1942
Fell;1.06667,34.16667;15455;150000.0;Mbale;Valid;L5/6;1.06667;34.16667;1992
Fell;-27.25,-67.5;15467;31.0;Medanitos;Valid;Eucrite-cm;-27.25;-67.5;1953
Fell;29.01667,77.8;15469;22.0;Meerut;Valid;H5;29.01667;77.8;1861
Fell;-6.23333,106.88333;15470;24750.0;Meester-Cornelis;Valid;H5;-6.23333;106.88333;1915
Fell;53.18333,13.15;15485;10500.0;Menow;Valid;H4;53.18333;13.15;1862
Fell;46.81867,7.21817;15486;28.9;Menziswyl;Valid;L5;46.81867;7.21817;1903
Fell;55.05,12.06667;15489;4000.0;Mern;Valid;L6;55.05;12.06667;1878
Fell;0.0,37.66667;15491;6000.0;Meru;Valid;LL6;0.0;37.66667;1945
Fell;25.48333,81.98333;15492;71400.0;Merua;Valid;H5;25.48333;81.98333;1920
Fell;38.18333,15.56667;15495;2405.0;Messina;Valid;L5;38.18333;15.56667;1955
Fell;50.58333,11.1;16626;870.0;Meuselbach;Valid;L6;50.58333;11.1;1897
Fell;45.76667,3.25;16627;1300.0;Mezel;Valid;L6;45.76667;3.25;1949
Fell;46.5,25.73333;16628;22700.0;Mezö-Madaras;Valid;L3.7;46.5;25.73333;1852
Fell;25.9,83.61667;16629;350.0;Mhow;Valid;L6;25.9;83.61667;1827
Fell;34.8,111.7;16631;1100.0;Mianchi;Valid;H5;34.8;111.7;1980
Fell;54.56667,-1.16667;16632;1600.0;Middlesbrough;Valid;L6;54.56667;-1.16667;1881
Fell;42.9075,-90.36556;52090;3584.0;Mifflin;Valid;L5;42.9075;-90.36556;2010
Fell;48.06667,30.96667;16634;8000.0;Mighei;Valid;CM2;48.06667;30.96667;1889
Fell;35.56833,133.22;16635;6380.0;Mihonoseki;Valid;L6;35.56833;133.22;1992
Fell;46.23333,17.53333;16636;224.2;Mike;Valid;L6;46.23333;17.53333;1944
Fell;46.18333,16.1;16640;10000.0;Milena;Valid;L6;46.18333;16.1;1842
Fell;-26.45,120.36667;16643;330000.0;Millbillillie;Valid;Eucrite-mmict;-26.45;120.36667;1960
Fell;35.4,-92.05;16645;16700.0;Miller (Arkansas);Valid;H5;35.4;-92.05;1930
Fell;35.07833,136.93333;16692;1040.0;Minamino;Valid;L;35.07833;136.93333;1632
Fell;37.28333,14.7;16696;42.0;Mineo;Valid;Pallasite;37.28333;14.7;1826
Fell;32.33333,120.66667;16697;5500.0;Min-Fan-Zhun;Valid;LL6;32.33333;120.66667;1952
Fell;47.7,16.6;16700;550.0;Minnichhof;Valid;OC;47.7;16.6;1905
Fell;25.68333,83.25;16701;8510.0;Mirzapur;Valid;L5;25.68333;83.25;1910
Fell;56.66667,23.0;16703;5800.0;Misshof;Valid;H5;56.66667;23.0;1890
Fell;61.73333,5.93333;16707;100.7;Mjelleim;Valid;H;61.73333;5.93333;1898
Fell;46.8,24.03333;16709;300000.0;Mocs;Valid;L5-6;46.8;24.03333;1882
Fell;38.5,-101.1;16711;35000.0;Modoc (1905);Valid;L6;38.5;-101.1;1905
Fell;-39.63333,174.4;16713;4500.0;Mokoia;Valid;CV3;-39.63333;174.4;1908
Fell;38.11667,-1.16667;16715;144000.0;Molina;Valid;H5;38.11667;-1.16667;1858
Fell;-31.25,26.46667;16717;150.0;Molteno;Valid;Howardite;-31.25;26.46667;1953
Fell;31.60833,-102.85833;16719;2587.0;Monahans (1998);Valid;H5;31.60833;-102.85833;1998
Fell;35.25,-80.5;16720;8600.0;Monroe;Valid;H4;35.25;-80.5;1849
Fell;38.01667,-8.25;16725;4885.0;Monte das Fortes;Valid;L5;38.01667;-8.25;1950
Fell;43.26667,13.35;16726;3130.0;Monte Milone;Valid;L5;43.26667;13.35;1846
Fell;43.39056,1.9625;16727;149000.0;Montferré;Valid;H5;43.39056;1.9625;1923
Fell;47.63333,1.58333;16729;500.0;Montlivault;Valid;L6;47.63333;1.58333;1838
Fell;-15.96667,27.35;16733;;Monze;Valid;L6;-15.96667;27.35;1950
Fell;35.41667,-79.38333;16736;1880.0;Moore County;Valid;Eucrite-cm;35.41667;-79.38333;1913
Fell;52.45,-8.33333;16737;3520.0;Mooresfort;Valid;H5;52.45;-8.33333;1810
Fell;-40.975,145.6;16738;8887.5;Moorleah;Valid;L6;-40.975;145.6;1930
Fell;28.78333,78.83333;16740;70.0;Moradabad;Valid;L6;28.78333;78.83333;1808
Fell;49.6,18.53333;16742;633.0;Morávka;Valid;H5;49.6;18.53333;2000
Fell;44.6,5.13333;16747;1300.0;Mornans;Valid;H5;44.6;5.13333;1875
Fell;59.43333,10.7;36592;3763.0;Moss;Valid;CO3.6;59.43333;10.7;2006
Fell;26.83333,77.33333;16759;1500.0;Moti-ka-nagla;Valid;H6;26.83333;77.33333;1868
Fell;45.2,8.5;16762;9150.0;Motta di Conti;Valid;H4;45.2;8.5;1868
Fell;-29.8,141.7;16766;11300.0;Mount Browne;Valid;H6;-29.8;141.7;1902
Fell;18.7,4.8;16804;110000.0;Mount Tazerzait;Valid;L5;18.7;4.8;1991
Fell;44.08333,6.86667;16805;17000.0;Mount Vaisi;Valid;Stone-uncl;44.08333;6.86667;1637
Fell;-11.5,33.5;16820;1100.0;Mtola;Valid;Stone-uncl;-11.5;33.5;1944
Fell;12.63333,77.01667;16841;4400.0;Muddoor;Valid;L5;12.63333;77.01667;1865
Fell;9.33333,80.83333;16851;25.5;Mulletiwu;Valid;L;9.33333;80.83333;1795
Fell;24.5,90.21667;16874;4703.0;Muraid;Valid;L6;24.5;90.21667;1924
Fell;-36.61667,145.2;16875;100000.0;Murchison;Valid;CM2;-36.61667;145.2;1969
Fell;36.6,-88.1;16882;12600.0;Murray;Valid;CM2;36.6;-88.1;1950
Fell;26.13333,85.53333;16885;1245.0;Muzaffarpur;Valid;Iron, IAB-sHL;26.13333;85.53333;1964
Fell;23.05,72.63333;16887;;Myhee Caunta;Valid;OC;23.05;72.63333;1842
Fell;12.0,1.0;16889;8165.0;Nadiabondi;Valid;H5;12.0;1.0;1956
Fell;38.12167,140.06167;16890;1810.0;Nagai;Valid;L6;38.12167;140.06167;1922
Fell;26.98333,78.21667;16892;20.0;Nagaria;Valid;Eucrite-cm;26.98333;78.21667;1875
Fell;49.16667,19.5;16893;6100.0;Nagy-Borové;Valid;L5;49.16667;19.5;1895
Fell;31.31667,30.35;16898;10000.0;Nakhla;Valid;Martian (nakhlite);31.31667;30.35;1911
Fell;13.73333,100.08333;16899;23200.0;Nakhon Pathom;Valid;L6;13.73333;100.08333;1923
Fell;12.28333,79.2;16902;4500.0;Nammianthal;Valid;H5;12.28333;79.2;1886
Fell;35.66667,103.5;16903;52900.0;Nan Yang Pao;Valid;L6;35.66667;103.5;1917
Fell;38.41667,-77.16667;16904;7500.0;Nanjemoy;Valid;H6;38.41667;-77.16667;1825
Fell;32.11667,121.8;16907;529.0;Nantong;Valid;H6;32.11667;121.8;1984
Fell;19.25,77.0;16908;17000.0;Naoki;Valid;H6;19.25;77.0;1928
Fell;33.75,51.5;16909;2700.0;Naragh;Valid;H6;33.75;51.5;1974
Fell;-34.05,150.68889;16912;367.5;Narellan;Valid;L6;-34.05;150.68889;1928
Fell;42.51667,12.51667;16914;;Narni;Valid;Stone-uncl;42.51667;12.51667;0921
Fell;-21.73333,165.9;16922;347.0;Nassirah;Valid;H4;-21.73333;165.9;1936
Fell;nan,nan;16923;1.4;Natal;Valid;Stone-uncl;;;1973
Fell;21.25,83.66667;16927;105.0;Nawapali;Valid;CM2;21.25;83.66667;1890
Fell;36.44917,136.46528;16934;420.0;Neagari;Valid;L6;36.44917;136.46528;1995
Fell;18.68333,83.48333;16935;4500.0;Nedagolla;Valid;Iron, ungrouped;18.68333;83.48333;1870
Fell;9.5,35.33333;16941;2450.0;Nejo;Valid;L6;9.5;35.33333;1970
Fell;56.5,21.5;16945;10250.0;Nerft;Valid;L6;56.5;21.5;1864
Fell;47.525,10.80833;16950;6189.0;Neuschwanstein;Valid;EL6;47.525;10.80833;2002
Fell;40.0,-81.76667;16953;230000.0;New Concord;Valid;L6;40.0;-81.76667;1860
Fell;15.36667,35.68333;16954;12000.0;New Halfa;Valid;L4;15.36667;35.68333;1994
Fell;29.94718,-90.10976;16960;19256.0;New Orleans;Valid;H5;29.94718;-90.10976;2003
Fell;-7.45,111.41667;16966;1393.0;Ngawi;Valid;LL3.6;-7.45;111.41667;1883
Fell;13.85,-4.38333;16968;37500.0;N'Goureyma;Valid;Iron, ungrouped;13.85;-4.38333;1900
Fell;49.03333,-1.43333;16970;;Nicorps;Valid;Stone-uncl;49.03333;-1.43333;1750
Fell;nan,nan;16974;3.3;Niger (L6);Valid;L6;;;1967
Fell;nan,nan;16975;3.3;Niger (LL6);Valid;LL6;;;1967
Fell;52.45,78.63333;16976;3996.0;Nikolaevka;Valid;H4;52.45;78.63333;1935
Fell;56.11667,37.33333;16977;6000.0;Nikolskoe;Valid;L4;56.11667;37.33333;1954
Fell;29.86667,121.48333;16980;14250.0;Ningbo;Valid;Iron, IVA;29.86667;121.48333;1975
Fell;32.925,105.90667;16981;4610.0;Ningqiang;Valid;C3-ung;32.925;105.90667;1983
Fell;34.2,131.56667;16982;467.0;Nio;Valid;H3-4;34.2;131.56667;1897
Fell;-28.56667,30.7;16983;17200.0;N'Kandhla;Valid;Iron, IID;-28.56667;30.7;1912
Fell;44.08333,-69.48333;16984;2300.0;Nobleborough;Valid;Eucrite-pmict;44.08333;-69.48333;1823
Fell;40.08528,-86.055;16985;483.7;Noblesville;Valid;H4-6;40.08528;-86.055;1991
Fell;33.725,130.75;16988;472.0;Nogata;Valid;L6;33.725;130.75;0861
Fell;-32.36667,-59.83333;16989;4000.0;Nogoya;Valid;CM2;-32.36667;-59.83333;1879
Fell;36.21667,-92.26667;16994;1050.0;Norfork;Valid;Iron, IIIAB;36.21667;-92.26667;1918
Fell;39.68333,-99.86667;17922;1100000.0;Norton County;Valid;Aubrite;39.68333;-99.86667;1948
Fell;45.29167,11.52722;17930;177.0;Noventa Vicentina;Valid;H4;45.29167;11.52722;1971
Fell;54.81667,46.0;17933;1900.0;Novo-Urei;Valid;Ureilite;54.81667;46.0;1886
Fell;58.55,31.33333;17934;;Novy-Ergi;Valid;Stone-uncl;58.55;31.33333;1662
Fell;56.0,22.0;17935;1001.0;Novy-Projekt;Valid;OC;56.0;22.0;1908
Fell;42.91667,102.46667;17936;250.0;Noyan-Bogdo;Valid;L6;42.91667;102.46667;1933
Fell;24.3,-102.13333;17938;50000.0;Nuevo Mercurio;Valid;H5;24.3;-102.13333;1978
Fell;41.63333,0.75;17959;5000.0;Nulles;Valid;H6;41.63333;0.75;1851
Fell;43.33333,141.86667;17960;363.0;Numakai;Valid;H4;43.33333;141.86667;1925
Fell;21.20833,94.91667;17969;737.6;Nyaung;Valid;Iron, IIIAB;21.20833;94.91667;1939
Fell;47.55,22.025;17970;1100.0;Nyirábrany;Valid;LL5;47.55;22.025;1914
Fell;57.78333,55.26667;17979;500000.0;Ochansk;Valid;H4;57.78333;55.26667;1887
Fell;52.28333,8.05;17988;1400.0;Oesede;Valid;H5;52.28333;8.05;1927
Fell;58.5,23.0;17989;6000.0;Oesel;Valid;L6;58.5;23.0;1855
Fell;47.88333,22.03333;17990;3750.0;Ofehértó;Valid;L6;47.88333;22.03333;1900
Fell;33.28333,130.2;17994;14360.0;Ogi;Valid;H6;33.28333;130.2;1741
Fell;46.06667,23.58333;17995;16250.0;Ohaba;Valid;H5;46.06667;23.58333;1857
Fell;6.75,8.5;17996;7700.0;Ohuma;Valid;L5;6.75;8.5;1963
Fell;38.18333,-5.4;17997;5850.0;Ojuelos Altos;Valid;L6;38.18333;-5.4;1926
Fell;36.18333,139.21667;17998;194.0;Okabe;Valid;H5;36.18333;139.21667;1958
Fell;35.08333,135.2;18000;4742.0;Okano;Valid;Iron, IIAB;35.08333;135.2;1904
Fell;50.83333,25.5;18002;12000.0;Okniny;Valid;LL6;50.83333;25.5;1834
Fell;52.95,8.16667;18009;16570.0;Oldenburg (1930);Valid;L6;52.95;8.16667;1930
Fell;39.0,-0.03333;18012;;Oliva-Gandia;Valid;Stone-uncl;39.0;-0.03333;1520
Fell;38.71667,-7.06667;18013;150000.0;Olivenza;Valid;LL5;38.71667;-7.06667;1924
Fell;39.56667,-2.1;18015;40000.0;Olmedilla de Alarcón;Valid;H5;39.56667;-2.1;1929
Fell;64.02,161.80833;18019;250000.0;Omolon;Valid;Pallasite, PMG;64.02;161.80833;1981
Fell;43.88333,1.38333;18026;14000.0;Orgueil;Valid;CI1;43.88333;1.38333;1864
Fell;28.5475,-81.36222;34489;180.0;Orlando;Valid;Eucrite;28.5475;-81.36222;2004
Fell;47.11667,6.15;18030;6000.0;Ornans;Valid;CO3.4;47.11667;6.15;1868
Fell;48.5,8.0;18033;4500.0;Ortenau;Valid;Stone-uncl;48.5;8.0;1671
Fell;42.13333,12.93333;18034;3400.0;Orvinio;Valid;H6;42.13333;12.93333;1872
Fell;58.88333,9.4;18042;246.0;Oterøy;Valid;L6;58.88333;9.4;1928
Fell;38.4,140.35;18045;6510.0;Otomi;Valid;H;38.4;140.35;1867
Fell;38.6,-95.21667;18046;840.0;Ottawa;Valid;LL6;38.6;-95.21667;1896
Fell;12.9,0.08;56729;4440.0;Ouadangou;Valid;L5;12.9;0.08;2003
Fell;30.18,-6.57717;18050;1215.5;Oued el Hadjar;Valid;LL6;30.18;-6.57717;1986
Fell;24.3,-13.1;31282;17000.0;Oum Dreyga;Valid;H3-5;24.3;-13.1;2003
Fell;37.60833,-8.28;18052;20000.0;Ourique;Valid;H4;37.60833;-8.28;1998
Fell;-18.0,16.0;18055;121.5;Ovambo;Valid;L6;-18.0;16.0;1900
Fell;43.4,-5.86667;18058;205.0;Oviedo;Valid;H5;43.4;-5.86667;1856
Fell;51.33333,28.83333;18062;;Owrucz;Valid;OC;51.33333;28.83333;1775
Fell;21.05,-99.3;18068;3400.0;Pacula;Valid;L6;21.05;-99.3;1881
Fell;55.66667,25.0;18069;3858.0;Padvarninkai;Valid;Eucrite-mmict;55.66667;25.0;1929
Fell;17.74333,120.45583;18072;515.0;Paitan;Valid;H6;17.74333;120.45583;1910
Fell;32.31667,-89.71667;18073;;Palahatchie;Valid;OC;32.31667;-89.71667;1910
Fell;-23.11667,-65.1;18074;1430.0;Palca de Aparzo;Valid;L5;-23.11667;-65.1;1988
Fell;43.48333,118.61667;18077;18000.0;Palinshih;Valid;Iron;43.48333;118.61667;1914
Fell;39.8,-91.5;18079;135.0;Palmyra;Valid;L3;39.8;-91.5;1926
Fell;21.3,-157.78333;18082;682.0;Palolo Valley;Valid;H5;21.3;-157.78333;1949
Found;nan,nan;32591;69.5;Dominion Range 03239;Valid;L6;;;2002
Fell;15.08333,120.7;18093;10500.0;Pampanga;Valid;L5;15.08333;120.7;1859
Fell;8.06667,124.28333;18098;2130.0;Pantar;Valid;H5;8.06667;124.28333;1938
Fell;36.06667,-90.5;18101;408000.0;Paragould;Valid;LL5;36.06667;-90.5;1930
Fell;-6.23333,-40.7;18102;2000.0;Parambu;Valid;LL5;-6.23333;-40.7;1967
Fell;-19.13333,-51.66667;18103;100000.0;Paranaiba;Valid;L6;-19.13333;-51.66667;1956
Fell;41.48472,-87.67917;18106;18000.0;Park Forest;Valid;L5;41.48472;-87.67917;2003
Fell;9.23333,78.35;18108;77600.0;Parnallee;Valid;LL3.6;9.23333;78.35;1857
Fell;26.2,85.4;18109;800.0;Parsa;Valid;EH3;26.2;85.4;1942
Fell;36.21667,-103.4;18110;5100.0;Pasamonte;Valid;Eucrite-pmict;36.21667;-103.4;1933
Fell;20.93694,82.05;18112;4375.0;Patora;Valid;H6;20.93694;82.05;1969
Fell;-19.53333,-48.56667;18116;2121.0;Patrimonio;Valid;L6;-19.53333;-48.56667;1950
Fell;38.13333,14.96667;18118;12.0;Patti;Valid;Iron;38.13333;14.96667;1922
Fell;23.15,91.18333;18171;37350.0;Patwar;Valid;Mesosiderite-A1;23.15;91.18333;1935
Fell;43.46667,25.51667;18173;2968.0;Pavel;Valid;H5;43.46667;25.51667;1966
Fell;52.3,77.03333;18175;142.5;Pavlodar (stone);Valid;H5;52.3;77.03333;1938
Fell;48.53333,35.98333;18176;40000.0;Pavlograd;Valid;L6;48.53333;35.98333;1826
Fell;52.03333,43.0;18177;2000.0;Pavlovka;Valid;Howardite;52.03333;43.0;1882
Fell;11.33367,-3.54217;18179;;Pê;Valid;L6;11.33367;-3.54217;1989
Fell;56.13333,-117.93333;18180;45760.0;Peace River;Valid;L6;56.13333;-117.93333;1963
Fell;51.66667,9.25;18181;117.8;Peckelsheim;Valid;Diogenite-pm;51.66667;9.25;1953
Fell;41.28333,-73.91667;18782;12570.0;Peekskill;Valid;H6;41.28333;-73.91667;1992
Fell;30.125,-103.11667;18786;70000.0;Peña Blanca Spring;Valid;Aubrite;30.125;-103.11667;1946
Fell;-10.66667,35.5;18792;165.0;Peramiho;Valid;Eucrite-mmict;-10.66667;35.5;1899
Fell;23.325,91.0;18793;23474.0;Perpeti;Valid;L6;23.325;91.0;1935
Fell;56.4,-3.43333;18797;2.0;Perth;Valid;LL5;56.4;-3.43333;1830
Fell;56.63333,39.43333;18798;66000.0;Pervomaisky;Valid;L6;56.63333;39.43333;1933
Fell;55.5,66.08333;18799;3393.0;Pesyanoe;Valid;Aubrite;55.5;66.08333;1933
Fell;14.052,0.42;18800;189.0;Pétèlkolé;Valid;H5;14.052;0.42;1995
Fell;35.3,-86.63333;18801;1800.0;Petersburg;Valid;Eucrite-pmict;35.3;-86.63333;1855
Fell;53.53333,-7.33333;18804;;Pettiswood;Valid;Stone-uncl;53.53333;-7.33333;1779
Fell;40.0,-99.25;18808;57900.0;Phillips County (stone);Valid;L6;40.0;-99.25;1901
Fell;11.25,108.58333;18809;500.0;Phu Hong;Valid;H4;11.25;108.58333;1887
Fell;12.0,105.48333;18811;7800.0;Phum Sambo;Valid;H4;12.0;105.48333;1933
Fell;15.71667,108.1;18812;11000.0;Phuoc-Binh;Valid;L5;15.71667;108.1;1941
Fell;44.24417,11.50222;18813;13.1;Piancaldoli;Valid;LL3.4;44.24417;11.50222;1968
Fell;41.36667,-6.23333;18816;;Picote;Valid;Stone-uncl;41.36667;-6.23333;1843
Fell;58.66667,25.73333;18822;23250.0;Pillistfer;Valid;EL6;58.66667;25.73333;1863
Fell;26.03472,73.94167;18831;42000.0;Piplia Kalan;Valid;Eucrite-mmict;26.03472;73.94167;1996
Fell;-32.86667,18.71667;18832;37.0;Piquetberg;Valid;H;-32.86667;18.71667;1881
Fell;25.8,88.45;18834;842.0;Pirgunje;Valid;L6;25.8;88.45;1882
Fell;29.58333,76.0;18835;1161.0;Pirthalla;Valid;H6;29.58333;76.0;1884
Fell;31.95,-83.51667;18837;3760.0;Pitts;Valid;Iron, IAB-ung;31.95;-83.51667;1921
Fell;30.7,-96.11667;18846;2085.0;Plantersville;Valid;H6;30.7;-96.11667;1930
Fell;45.275,26.70972;51706;6913.0;Pleşcoi;Valid;L5-6;45.275;26.70972;2008
Fell;50.53333,14.11667;18849;39.0;Ploschkovitz;Valid;L5;50.53333;14.11667;1723
Fell;11.58333,104.91667;18851;96.0;Pnompehn;Valid;L6;11.58333;104.91667;1868
Found;nan,nan;32592;290.9;Dominion Range 03240;Valid;LL5;;;2002
Fell;50.93333,12.13333;18853;3000.0;Pohlitz;Valid;L5;50.93333;12.13333;1819
Fell;26.71667,82.66667;18858;350.0;Pokhra;Valid;H5;26.71667;82.66667;1866
Fell;66.34833,14.015;18860;253.6;Pollen;Valid;CM2;66.34833;14.015;1942
Fell;53.03639,-4.31944;18865;157.0;Pontlyfni;Valid;Winonaite;53.03639;-4.31944;1931
Fell;34.175,-103.295;18874;71400.0;Portales Valley;Valid;H6;34.175;-103.295;1998
Fell;38.5,-8.0;18876;4500.0;Portugal;Valid;Stone-uncl;38.5;-8.0;1796
Fell;31.41667,118.5;18879;665.0;Po-wang Chen;Valid;LL;31.41667;118.5;1933
Fell;48.3025,13.94083;18883;2125.0;Prambachkirchen;Valid;L6;48.3025;13.94083;1932
Fell;49.66667,14.03333;18887;5555.0;Pribram;Valid;H5;49.66667;14.03333;1959
Fell;39.11667,-83.85;18888;900.0;Pricetown;Valid;L6;39.11667;-83.85;1893
Fell;39.35,-3.51667;45984;500.0;Puerto Lápice;Valid;Eucrite-br;39.35;-3.51667;2007
Fell;23.36667,75.18333;18899;560.0;Pulsora;Valid;H5;23.36667;75.18333;1863
Fell;52.76667,21.26667;18901;250000.0;Pultusk;Valid;H5;52.76667;21.26667;1868
Fell;13.33333,78.95;18902;100.0;Punganaru;Valid;Stone-uncl;13.33333;78.95;1811
Fell;-29.03333,-53.05;18905;300000.0;Putinga;Valid;L6;-29.03333;-53.05;1937
Fell;32.08333,121.5;18907;1275.0;Qidong;Valid;L/LL5;32.08333;121.5;1982
Fell;26.53333,106.46667;18908;2600.0;Qingzhen;Valid;EH3;26.53333;106.46667;1976
Fell;-30.11667,28.7;22357;7000.0;Queen's Mercy;Valid;H6;-30.11667;28.7;1925
Fell;17.76667,95.18333;22358;6045.0;Quenggouk;Valid;H4;17.76667;95.18333;1857
Fell;39.0,-0.66667;22360;10750.0;Quesa;Valid;Iron, IAB-ung;39.0;-0.66667;1898
Fell;44.61667,126.13333;22361;17450.0;Quija;Valid;H;44.61667;126.13333;1990
Fell;46.6,0.25;22363;65.0;Quincay;Valid;L6;46.6;0.25;1851
Fell;-26.66667,-65.45;22368;5000.0;Raco;Valid;H5;-26.66667;-65.45;1957
Fell;27.72528,76.465;22371;10200.0;Raghunathpura;Valid;Iron, IIAB;27.72528;76.465;1986
Fell;28.225,70.2;31302;67225.0;Rahimyar Khan;Valid;L5;28.225;70.2;1983
Fell;52.98333,37.03333;22376;9000.0;Rakovka;Valid;L6;52.98333;37.03333;1878
Fell;26.45,82.9;22384;3766.0;Ramnagar;Valid;L6;26.45;82.9;1940
Fell;24.16667,87.76667;22385;100.0;Rampurhat;Valid;LL;24.16667;87.76667;1916
Fell;51.88333,6.93333;22386;4682.0;Ramsdorf;Valid;L6;51.88333;6.93333;1958
Fell;23.98333,87.08333;22387;290.4;Ranchapur;Valid;H4;23.98333;87.08333;1917
Fell;19.86667,-100.81667;22390;300.0;Rancho de la Presa;Valid;H5;19.86667;-100.81667;1899
Fell;25.38333,72.01667;22392;3224.5;Rangala;Valid;L6;25.38333;72.01667;1937
Fell;38.2,115.7;22394;4910.0;Raoyang;Valid;L6;38.2;115.7;1919
Fell;26.66667,50.15;22395;6.1;Ras Tanura;Valid;H6;26.66667;50.15;1961
Fell;43.5,26.53333;22396;24700.0;Rasgrad;Valid;Stone-uncl;43.5;26.53333;1740
Fell;52.2,17.98333;22398;910.0;Ratyn;Valid;Stone-uncl;52.2;17.98333;1880
Fell;38.13742,-119.75812;53502;18.41;Red Canyon Lake;Valid;H5;38.13742;-119.75812;2007
Fell;42.475,-5.33333;22584;17300.0;Reliegos;Valid;L5;42.475;-5.33333;1947
Fell;-6.73333,111.36667;22585;10000.0;Rembang;Valid;Iron, IVA;-6.73333;111.36667;1919
Fell;44.76667,11.28333;22586;1000.0;Renazzo;Valid;CR2;44.76667;11.28333;1824
Fell;-32.75,-65.28333;22587;300.0;Renca;Valid;L5;-32.75;-65.28333;1925
Fell;38.66667,116.13333;22589;355.0;Renqiu;Valid;L6;38.66667;116.13333;1916
Fell;48.6,45.66667;22590;7000.0;Repeev Khutor;Valid;Iron, IIF;48.6;45.66667;1933
Fell;51.33333,-118.95;22592;1.0;Revelstoke;Valid;CI1;51.33333;-118.95;1965
Fell;28.2,76.66667;22593;3332.0;Rewari;Valid;L6;28.2;76.66667;1929
Fell;35.03333,-83.03333;22597;668.0;Rich Mountain;Valid;L6;35.03333;-83.03333;1903
Fell;-44.11667,-66.15;24140;20000.0;Uzcudun;Valid;L;-44.11667;-66.15;1948
Fell;46.88333,-102.31667;22599;90000.0;Richardton;Valid;H5;46.88333;-102.31667;1918
Fell;31.25,-99.03333;22602;1900.0;Richland Springs;Valid;OC;31.25;-99.03333;1980
Fell;37.46667,-77.5;22603;1800.0;Richmond;Valid;LL5;37.46667;-77.5;1828
Fell;-26.1,-49.8;22611;1310.0;Rio Negro;Valid;L4;-26.1;-49.8;1934
Fell;45.48333,9.51667;22614;103.3;Rivolta de Bassi;Valid;Stone-uncl;45.48333;9.51667;1491
Fell;41.08333,-86.28333;22637;340.0;Rochester;Valid;H6;41.08333;-86.28333;1876
Fell;-23.38333,150.51667;22640;1641.0;Rockhampton;Valid;Stone-uncl;-23.38333;150.51667;1895
Fell;42.3,0.55;22641;400.0;Roda;Valid;Diogenite;42.3;0.55;1871
Fell;50.35,10.8;22642;2900.0;Rodach;Valid;Stone-uncl;50.35;10.8;1775
Fell;44.51667,-83.95;22766;10600.0;Rose City;Valid;H5;44.51667;-83.95;1921
Fell;52.76667,-2.51667;22773;3500.0;Rowton;Valid;Iron, IIIAB;52.76667;-2.51667;1876
Fell;-1.45,29.83333;22780;465.5;Ruhobobo;Valid;L6;-1.45;29.83333;1976
Fell;0.26667,36.53333;22782;67.0;Rumuruti;Valid;R3.8-6;0.26667;36.53333;1934
Fell;-10.26667,38.76667;22783;6000.0;Rupota;Valid;L4-6;-10.26667;38.76667;1949
Fell;51.13333,34.5;22791;13000.0;Ryechki;Valid;L5;51.13333;34.5;1914
Fell;27.43333,82.08333;22792;1250.0;Sabetmahet;Valid;H5;27.43333;82.08333;1855
Fell;23.08333,91.66667;22793;478.0;Sabrum;Valid;LL6;23.08333;91.66667;1999
Fell;51.53333,14.88333;22796;;Sagan;Valid;Stone-uncl;51.53333;14.88333;1636
Fell;43.73333,1.38333;23101;14000.0;Saint-Sauveur;Valid;EH5;43.73333;1.38333;1914
Fell;45.3,0.23333;23102;271000.0;Saint-Séverin;Valid;LL6;45.3;0.23333;1966
Fell;35.66667,136.3;23103;4180.0;Sakauchi;Valid;Iron;35.66667;136.3;1913
Fell;44.97917,-122.96944;23107;61.4;Salem;Valid;L6;44.97917;-122.96944;1981
Fell;46.05,4.63333;23111;9000.0;Salles;Valid;L5;46.05;4.63333;1798
Fell;52.75,11.05;23114;43.0;Salzwedel;Valid;LL5;52.75;11.05;1985
Fell;25.66667,74.86667;23115;2462.0;Samelia;Valid;Iron, IIIAB;25.66667;74.86667;1921
Fell;33.48472,-117.6625;23128;56.0;San Juan Capistrano;Valid;H6;33.48472;-117.6625;1973
Fell;43.66667,13.0;31315;237.0;San Michele;Valid;L6;43.66667;13.0;2002
Fell;-31.01667,-71.4;23130;282.0;San Pedro de Quiles;Valid;L6;-31.01667;-71.4;1956
Fell;19.76667,-100.65;34063;460.0;San Pedro Jacuaro;Valid;LL6;19.76667;-100.65;1968
Fell;-29.2,-51.86667;23161;400.0;Santa Barbara;Valid;L4;-29.2;-51.86667;1873
Fell;24.16667,-99.33333;23164;60.0;Santa Cruz;Valid;CM2;24.16667;-99.33333;1939
Fell;-33.9,-61.7;23165;5500.0;Santa Isabel;Valid;L6;-33.9;-61.7;1924
Fell;-31.535556,-68.489444;50909;4000.0;Santa Lucia (2008);Valid;L6;-31.535556;-68.489444;2008
Fell;-20.81,-49.38056;23171;927.0;São Jose do Rio Preto;Valid;H4;-20.81;-49.38056;1962
Fell;52.55,46.55;23176;200000.0;Saratov;Valid;L4;52.55;46.55;1918
Fell;34.71667,137.78333;23187;695.0;Sasagase;Valid;H;34.71667;137.78333;1688
Fell;43.15,-0.85;23188;4000.0;Sauguis;Valid;L6;43.15;-0.85;1868
Fell;47.21667,29.86667;23190;2500.0;Savtschenskoje;Valid;LL4;47.21667;29.86667;1894
Fell;35.86667,139.4;23192;430.0;Sayama;Valid;CM2;35.86667;139.4;1986
Fell;49.23333,17.56667;23455;412.0;Sazovice;Valid;L5;49.23333;17.56667;1934
Fell;53.35,15.05;23457;7000.0;Schellin;Valid;L;53.35;15.05;1715
Fell;42.86083,-73.95028;23458;283.3;Schenectady;Valid;H5;42.86083;-73.95028;1968
Fell;48.11667,10.46667;23460;8000.0;Schönenberg;Valid;L6;48.11667;10.46667;1846
Fell;44.36667,-69.2;23472;5400.0;Searsmont;Valid;H5;44.36667;-69.2;1871
Fell;38.3,27.13333;23473;240.0;Sediköy;Valid;L6;38.3;27.13333;1917
Fell;26.75,84.78333;23476;6930.0;Segowlie;Valid;LL6;26.75;84.78333;1853
Fell;-7.23333,107.33333;23481;1590.0;Selakopi;Valid;H5;-7.23333;107.33333;1939
Fell;22.83333,4.98333;23483;150.0;Seldebourak;Valid;H5;22.83333;4.98333;1947
Fell;22.25,79.0;23487;691.0;Semarkona;Valid;LL3.00;22.25;79.0;1940
Fell;41.71667,-0.05;23495;4000.0;Sena;Valid;H4;41.71667;-0.05;1773
Fell;39.43833,140.51167;23496;866.0;Senboku;Valid;H6;39.43833;140.51167;1993
Fell;21.68389,79.50083;23500;20000.0;Seoni;Valid;H6;21.68389;79.50083;1966
Fell;41.05,23.56667;23501;8500.0;Seres;Valid;H4;41.05;23.56667;1818
Fell;-8.38333,-36.76667;23502;1800.0;Serra de Magé;Valid;Eucrite-cm;-8.38333;-36.76667;1923
Fell;-19.46667,-44.21667;23504;350.0;Sete Lagoas;Valid;H4;-19.46667;-44.21667;1908
Fell;37.41667,-6.0;23508;180.0;Sevilla;Valid;LL4;37.41667;-6.0;1862
Fell;50.61667,36.6;23509;101000.0;Sevrukovo;Valid;L5;50.61667;36.6;1874
Fell;34.75,10.71667;23512;7000.0;Sfax;Valid;L6;34.75;10.71667;1989
Fell;23.1,87.3;23521;4000.0;Shalka;Valid;Diogenite;23.1;87.3;1850
Fell;37.83333,-76.7;23525;1265.0;Sharps;Valid;H3.4;37.83333;-76.7;1921
Fell;44.05,-80.16667;23529;18600.0;Shelburne;Valid;L5;44.05;-80.16667;1904
Fell;24.55,84.83333;23530;5000.0;Shergotty;Valid;Martian (shergottite);24.55;84.83333;1865
Fell;33.65,120.06667;23531;605.0;Sheyang;Valid;L6;33.65;120.06667;1976
Fell;25.85,87.5775;23534;3679.7;Shikarpur;Valid;L6;25.85;87.5775;1921
Fell;43.5,125.66667;23582;3900.0;Shuangyang;Valid;H5;43.5;125.66667;1971
Fell;33.71667,74.83333;23583;5000.0;Shupiyan;Valid;H6;33.71667;74.83333;1912
Fell;24.33333,90.16667;23584;3200.0;Shytal;Valid;L6;24.33333;90.16667;1863
Fell;43.11667,11.6;23586;3700.0;Siena;Valid;LL5;43.11667;11.6;1794
Fell;46.16,134.65333;23593;23000000.0;Sikhote-Alin;Valid;Iron, IIAB;46.16;134.65333;1947
Fell;20.93333,-101.38333;23594;1710.0;Silao;Valid;H5;20.93333;-101.38333;1995
Fell;44.11667,27.26667;55584;0.15;Silistra;Valid;Achondrite-ung;44.11667;27.26667;1917
Fell;49.98333,7.53333;23603;1222.0;Simmern;Valid;H5;49.98333;7.53333;1920
Fell;30.9,32.48333;23606;1455.0;Sinai;Valid;L6;30.9;32.48333;1916
Fell;26.21667,69.55;23611;8400.0;Sindhri;Valid;H5;26.21667;69.55;1901
Fell;39.3,9.2;23613;2000.0;Sinnai;Valid;H6;39.3;9.2;1956
Fell;42.58333,-103.66667;23614;4100.0;Sioux County;Valid;Eucrite-mmict;42.58333;-103.66667;1933
Fell;20.91667,82.58333;23616;1600.0;Sitathali;Valid;H5;20.91667;82.58333;1875
Fell;39.82467,36.13583;23617;40000.0;Sivas;Valid;H6;39.82467;36.13583;1989
Fell;32.43333,119.86667;23619;630.0;Sixiangkou;Valid;L5;32.43333;119.86667;1989
Fell;59.73333,10.86667;23621;850.0;Ski;Valid;L6;59.73333;10.86667;1848
Fell;45.68333,15.6;23626;1708.0;Slavetic;Valid;H5;45.68333;15.6;1868
Fell;55.0,35.0;23645;2750.0;Slobodka;Valid;L4;55.0;35.0;1818
Fell;27.13333,84.06667;23660;72.9;Soheria;Valid;OC;27.13333;84.06667;1960
Fell;43.66667,21.86667;23661;80000.0;Soko-Banja;Valid;LL4;43.66667;21.86667;1877
Fell;47.36667,1.73333;23663;54.0;Sologne;Valid;H5;47.36667;1.73333;1860
Fell;54.00883,22.005;53829;1066.0;Sołtmany;Valid;L6;54.00883;22.005;2011
Fell;35.16667,135.33333;23667;17100.0;Sone;Valid;H5;35.16667;135.33333;1866
Fell;45.25,125.0;23668;36900.0;Songyuan;Valid;L6;45.25;125.0;1993
Fell;44.41667,23.5;23670;958.0;Sopot;Valid;OC;44.41667;23.5;1927
Fell;1.7,33.63333;23671;2050.0;Soroti;Valid;Iron, ungrouped;1.7;33.63333;1945
Fell;44.75,0.05;23081;360.0;St. Caprais-de-Quinsac;Valid;L6;44.75;0.05;1883
Fell;46.95,-1.5;23082;5500.0;St. Christophe-la-Chartreuse;Valid;L6;46.95;-1.5;1841
Fell;51.05,3.75;23083;700.0;St. Denis Westrem;Valid;L6;51.05;3.75;1855
Fell;48.01667,-1.15;23087;4000.0;St. Germain-du-Pinel;Valid;H6;48.01667;-1.15;1890
Fell;38.7,-90.23333;23089;1000.0;St. Louis;Valid;H4;38.7;-90.23333;1950
Fell;-32.01667,27.41667;23090;13780.0;St. Mark's;Valid;EH5;-32.01667;27.41667;1903
Fell;38.16667,-76.38333;23091;24.3;St. Mary's County;Valid;LL3.3;38.16667;-76.38333;1919
Fell;48.45,3.93333;23092;8300.0;St. Mesmin;Valid;LL6;48.45;3.93333;1866
Fell;61.65,27.2;23093;17000.0;St. Michel;Valid;L6;61.65;27.2;1910
Fell;43.43333,2.95;23097;134.3;St.-Chinian;Valid;L6;43.43333;2.95;1959
Fell;59.93333,14.95;23712;34000.0;Ställdalen;Valid;H5;59.93333;14.95;1876
Fell;49.28333,15.56667;23713;52000.0;Stannern;Valid;Eucrite-mmict;49.28333;15.56667;1808
Fell;45.05,41.98333;23717;1500.0;Stavropol;Valid;L6;45.05;41.98333;1857
Fell;50.76667,3.0;23099;4960.0;Ste. Marguerite;Valid;H4;50.76667;3.0;1962
Fell;53.66667,55.98333;23724;325000.0;Sterlitamak;Valid;Iron, IIIAB;53.66667;55.98333;1990
Fell;52.53333,9.05;23726;;Stolzenau;Valid;Stone-uncl;52.53333;9.05;1647
Fell;41.2,-73.13333;23728;50.0;Stratford;Valid;L6;41.2;-73.13333;1974
Fell;56.58333,-3.25;23729;13400.0;Strathmore;Valid;L6;56.58333;-3.25;1917
Fell;50.38333,-3.95;23732;10400.0;Stretchleigh;Valid;Stone-uncl;50.38333;-3.95;1623
Fell;45.96861,-72.97806;23733;25400.0;St-Robert;Valid;H5;45.96861;-72.97806;1994
Fell;36.48333,-90.66667;23736;3500.0;Success;Valid;L6;36.48333;-90.66667;1924
Fell;50.53806,16.26333;23737;815.3;Suchy Dul;Valid;L6;50.53806;16.26333;1969
Fell;31.61667,113.46667;23738;260000.0;Suizhou;Valid;L6;31.61667;113.46667;1986
Fell;12.66667,78.03333;48951;110000.0;Sulagiri;Valid;LL6;12.66667;78.03333;2008
Fell;25.93333,84.28333;23741;1710.5;Sultanpur;Valid;L/LL6;25.93333;84.28333;1916
Fell;44.86667,133.16667;23745;637.0;Sungach;Valid;H5;44.86667;133.16667;1935
Fell;26.71667,84.21667;23760;7235.0;Supuhee;Valid;H6;26.71667;84.21667;1865
Fell;38.80389,-120.90806;55529;992.5;Sutter's Mill;Valid;C;38.80389;-120.90806;2012
Fell;33.18836,-86.2945;23773;5560.0;Sylacauga;Valid;H4;33.18836;-86.2945;1954
Fell;49.4,14.65;23776;7540.0;Tabor;Valid;H5;49.4;14.65;1753
Fell;36.18333,5.41667;23778;9000.0;Tadjera;Valid;L5;36.18333;5.41667;1867
Fell;59.70444,-134.20139;23782;10000.0;Tagish Lake;Valid;C2-ung;59.70444;-134.20139;2000
Fell;34.72,137.305;23784;1000.0;Tahara;Valid;H4/5;34.72;137.305;1991
Fell;35.38333,134.9;23789;720.0;Takenouchi;Valid;H5;35.38333;134.9;1880
Fell;nan,nan;23791;1421.0;Talampaya;Valid;Eucrite-cm;;;1995
Fell;-7.75,112.76667;23795;10500.0;Tambakwatu;Valid;L6;-7.75;112.76667;1975
Fell;31.16333,-7.015;48691;100000.0;Tamdakht;Valid;H5;31.16333;-7.015;2008
Fell;35.43333,136.23333;23801;905.0;Tané;Valid;L5;35.43333;136.23333;1918
Fell;45.4,122.9;23873;3850.0;Taonan;Valid;L5;45.4;122.9;1965
Fell;32.95,10.41667;23884;12000.0;Tatahouine;Valid;Diogenite;32.95;10.41667;1931
Fell;19.38333,43.73333;23885;2500.0;Tathlith;Valid;L6;19.38333;43.73333;1967
Fell;35.13333,44.45;23887;6000.0;Tauk;Valid;L6;35.13333;44.45;1929
Fell;46.71667,23.5;23888;21000.0;Tauti;Valid;L6;46.71667;23.5;1937
Fell;-25.73333,142.95;23897;160000.0;Tenham;Valid;L6;-25.73333;142.95;1879
Fell;58.03333,26.95;23898;28500.0;Tennasilm;Valid;L4;58.03333;26.95;1872
Fell;33.4,70.6;23908;342.0;Thal;Valid;H6;33.4;70.6;1950
Fell;-1.00278,37.15028;54493;14200.0;Thika;Valid;L6;-1.00278;37.15028;2011
Fell;-29.33333,27.58333;23976;45300.0;Thuathe;Valid;H4/5;-29.33333;27.58333;2002
Fell;32.94667,118.99;23984;2232.0;Tianzhang;Valid;H5;32.94667;118.99;1986
Fell;49.6,17.11667;23989;28000.0;Tieschitz;Valid;H/L3.6;49.6;17.11667;1878
Fell;38.2,-89.68333;23998;74800.0;Tilden;Valid;L6;38.2;-89.68333;1927
Fell;14.25,1.53333;23999;3000.0;Tillaberi;Valid;L6;14.25;1.53333;1970
Fell;54.5,35.2;24004;65500.0;Timochin;Valid;H5;54.5;35.2;1807
Fell;13.63333,79.41667;24009;230.0;Tirupati;Valid;H6;13.63333;79.41667;1934
Fell;29.48195,-7.61123;54823;7000.0;Tissint;Valid;Martian (shergottite);29.48195;-7.61123;2011
Fell;-7.08333,111.53333;24011;20000.0;Tjabe;Valid;H6;-7.08333;111.53333;1869
Fell;-6.66667,106.58333;24012;16500.0;Tjerebon;Valid;L5;-6.66667;106.58333;1922
Fell;47.85,34.76667;24019;600.0;Tomakovka;Valid;LL6;47.85;34.76667;1905
